,time,mark,ask,bid,vol
0,44336.351933195525,36533.690328,36597.080656,36470.3,0.0
1,44336.35199172338,36543.910255,36606.994964,36480.825546,0.0
2,44336.35205032089,36524.605865,36585.46173,36463.75,0.0
3,44336.35210895037,36533.609164,36599.434919,36467.78341,0.0
4,44336.35216752996,36508.291861,36571.503723,36445.08,0.0
5,44336.35222604708,36489.96,36549.65,36430.27,0.0
6,44336.352284622844,36450.595,36510.58,36390.61,0.0
7,44336.35234320352,36508.194517,36568.25,36448.139034,0.0
8,44336.352401727265,36562.646283,36622.04,36503.252567,0.0
9,44336.352460308495,36601.355,36664.93,36537.78,0.0
10,44336.352518897795,36591.501059,36654.2,36528.802118,0.0
11,44336.352577469755,36555.145,36610.62,36499.67,0.0
12,44336.35263604075,36616.965,36679.95,36553.98,0.0
13,44336.35269465997,36614.169283,36671.9,36556.438567,0.0
14,44336.35275325278,36606.393429,36666.926858,36545.86,0.0
15,44336.352811865276,36600.081334,36664.452669,36535.71,0.0
16,44336.35287046407,36596.909063,36655.908127,36537.91,0.0
17,44336.352929036635,36599.978386,36663.876772,36536.08,0.0
18,44336.35298756637,36633.468429,36694.926858,36572.01,0.0
19,44336.35304609316,36645.47,36710.63,36580.31,0.0
20,44336.35310470307,36653.27,36713.39,36593.15,0.0
21,44336.353163280226,36657.4,36718.74,36596.06,0.0
22,44336.35322187254,36697.635,36759.29,36635.98,0.0
23,44336.353280420466,36681.03,36744.57,36617.49,0.0
24,44336.3533389865,36668.04,36731.96,36604.12,0.0
25,44336.35339754994,36669.892383,36733.02,36606.764767,0.0
26,44336.35345613505,36667.457383,36728.15,36606.764767,0.0
27,44336.353514659706,36669.05,36728.99,36609.11,0.0
28,44336.353573246895,36641.9543,36705.143834,36578.764767,0.0
29,44336.35363182208,36643.975,36704.26,36583.69,0.0
30,44336.35369041577,36569.793294,36624.586588,36515.0,0.0
31,44336.35374899119,36539.585,36603.54,36475.63,0.0
32,44336.35380756677,36556.975,36611.11,36502.84,0.0
33,44336.353866110294,36579.755,36641.87,36517.64,0.0
34,44336.35392470071,36619.735,36681.06,36558.41,0.0
35,44336.35398326624,36626.262275,36687.29455,36565.23,0.0
36,44336.35404186533,36655.665271,36720.100542,36591.23,0.0
37,44336.3541003867,36626.250577,36692.542737,36559.958417,0.0
38,44336.35415902819,36664.385,36723.4,36605.37,0.0
39,44336.35421761404,36677.84152,36737.95,36617.733041,0.0
40,44336.35427617401,36729.9,36791.46,36668.34,0.0
41,44336.35433475614,36723.252383,36783.74,36662.764767,0.0
42,44336.35439324908,36720.269697,36780.54,36659.999395,0.0
43,44336.35445183957,36723.45,36786.03,36660.87,0.0
44,44336.354510418,36701.195,36762.92,36639.47,0.0
45,44336.35456904125,36701.585863,36766.43,36636.741727,0.0
46,44336.35462761649,36682.9,36744.12,36621.68,0.0
47,44336.35468622276,36672.447383,36738.13,36606.764767,0.0
48,44336.354744763,36674.27,36738.62,36609.92,0.0
49,44336.3548033551,36687.933177,36750.926858,36624.939496,0.0
50,44336.35486201058,36652.715099,36718.49,36586.940198,0.0
51,44336.35492059027,36640.612686,36706.587482,36574.63789,0.0
52,44336.354979155876,36613.548953,36676.777907,36550.32,0.0
53,44336.35503773487,36589.315,36651.11,36527.52,0.0
54,44336.35509630864,36599.485,36663.46,36535.51,0.0
55,44336.35515490082,36607.324115,36672.56823,36542.08,0.0
56,44336.3552134851,36638.335,36696.8,36579.87,0.0
57,44336.35527209384,36620.15,36683.77,36556.53,0.0
58,44336.35533066135,36621.970962,36687.101925,36556.84,0.0
59,44336.35538933351,36660.62,36721.06,36600.18,0.0
60,44336.35544793939,36670.92,36734.05,36607.79,0.0
61,44336.35550646691,36661.298429,36722.926858,36599.67,0.0
62,44336.355565034035,36650.31,36711.84,36588.78,0.0
63,44336.35562362489,36612.337383,36673.91,36550.764767,0.0
64,44336.35568216562,36607.007383,36663.25,36550.764767,0.0
65,44336.35574074287,36585.954689,36645.73,36526.179379,0.0
66,44336.35579931865,36618.915,36678.61,36559.22,0.0
67,44336.355857896044,36622.0,36687.58,36556.42,0.0
68,44336.355916462264,36636.725,36697.28,36576.17,0.0
69,44336.3559750505,36650.916803,36708.313606,36593.52,0.0
70,44336.35603364187,36656.638862,36718.04,36595.237725,0.0
71,44336.35609220797,36681.105072,36740.930145,36621.28,0.0
72,44336.35615082028,36667.695,36731.14,36604.25,0.0
73,44336.356209417136,36684.79625,36746.6425,36622.95,0.0
74,44336.35626805791,36675.174986,36738.654003,36611.695969,0.0
75,44336.35632663544,36703.29,36762.45,36644.13,0.0
76,44336.35638519066,36712.790252,36774.29,36651.290505,0.0
77,44336.35644377756,36712.373107,36776.1,36648.646215,0.0
78,44336.35650238193,36701.585,36760.98,36642.19,0.0
79,44336.35656095237,36713.33,36775.27,36651.39,0.0
80,44336.35661959978,36711.52,36771.5,36651.54,0.0
81,44336.356678115495,36726.925,36787.27,36666.58,0.0
82,44336.35673670364,36737.087732,36796.715464,36677.46,0.0
83,44336.35679527703,36736.06989,36798.14978,36673.99,0.0
84,44336.356853867714,36733.24,36795.54,36670.94,0.0
85,44336.356912461786,36736.391089,36800.546458,36672.235721,0.0
86,44336.356971040565,36738.345,36799.75,36676.94,0.0
87,44336.3570296164,36737.08,36800.39,36673.77,0.0
88,44336.35708815863,36751.61,36811.92,36691.3,0.0
89,44336.35714671842,36754.89,36819.19,36690.59,0.0
90,44336.35720531957,36791.0029,36853.115801,36728.89,0.0
91,44336.35726390497,36800.564091,36862.605692,36738.522491,0.0
92,44336.357322458556,36808.249166,36871.6,36744.898333,0.0
93,44336.35738100485,36781.531211,36842.852992,36720.209431,0.0
94,44336.357439530235,36762.985895,36830.070066,36695.901724,0.0
95,44336.357498102785,36770.011776,36831.30619,36708.717363,0.0
96,44336.357556687864,36782.175,36845.24,36719.11,0.0
97,44336.357615261986,36777.457383,36836.15,36718.764767,0.0
98,44336.35767383912,36808.547383,36870.33,36746.764767,0.0
99,44336.35773244213,36824.560033,36886.070066,36763.05,0.0
100,44336.35779102105,36819.453912,36881.334205,36757.57362,0.0
101,44336.35784958755,36844.685192,36910.42,36778.950384,0.0
102,44336.357908156264,36819.08,36874.28,36763.88,0.0
103,44336.35796673466,36831.13,36888.92,36773.34,0.0
104,44336.358025292844,36827.82,36886.07,36769.57,0.0
105,44336.35808383979,36812.305,36875.45,36749.16,0.0
106,44336.3581424291,36813.365948,36879.13,36747.601896,0.0
107,44336.35820100198,36821.195,36884.68,36757.71,0.0
108,44336.358259574925,36810.058087,36872.3,36747.816175,0.0
109,44336.35831814752,36765.25,36826.9,36703.6,0.0
110,44336.35837673078,36714.888758,36781.707517,36648.07,0.0
111,44336.35843530434,36745.15,36810.99,36679.31,0.0
112,44336.35849386948,36760.163653,36825.147307,36695.18,0.0
113,44336.35855241572,36798.010313,36865.06,36730.960627,0.0
114,44336.35861106247,36786.809754,36852.1,36721.519509,0.0
115,44336.358669633955,36769.06,36833.58,36704.54,0.0
116,44336.35872821502,36763.331867,36826.33,36700.333735,0.0
117,44336.3587867734,36760.33,36818.14,36702.52,0.0
118,44336.358845344424,36759.045,36818.7,36699.39,0.0
119,44336.35890411783,36738.686445,36805.322891,36672.05,0.0
120,44336.35896266212,36735.311295,36796.352591,36674.27,0.0
121,44336.359021178476,36720.540091,36779.210183,36661.87,0.0
122,44336.35907975011,36747.685,36800.94,36694.43,0.0
123,44336.35913834349,36761.63,36818.89,36704.37,0.0
124,44336.35919688563,36797.539621,36857.61,36737.469243,0.0
125,44336.359255481504,36794.45666,36853.47,36735.44332,0.0
126,44336.359314047964,36797.086681,36857.71,36736.463362,0.0
127,44336.359372635896,36784.992054,36849.32,36720.664109,0.0
128,44336.35943121987,36784.305,36849.81,36718.8,0.0
129,44336.35948982882,36783.534823,36844.72,36722.349646,0.0
130,44336.35954835894,36797.68181,36862.173083,36733.190538,0.0
131,44336.35960692251,36799.5,36862.79,36736.21,0.0
132,44336.359665562566,36807.627801,36871.245602,36744.01,0.0
133,44336.35972417208,36837.858185,36902.23,36773.486371,0.0
134,44336.35978276996,36839.482683,36903.185366,36775.78,0.0
135,44336.359841352794,36833.069502,36899.245602,36766.893403,0.0
136,44336.35989992618,36796.184577,36855.67,36736.699154,0.0
137,44336.35995846673,36782.18,36843.01,36721.35,0.0
138,44336.3600170608,36786.42,36844.1,36728.74,0.0
139,44336.360075597535,36806.952271,36869.77,36744.134543,0.0
140,44336.36013416651,36829.095,36891.24,36766.95,0.0
141,44336.36019276845,36804.878221,36865.56,36744.196442,0.0
142,44336.36025136049,36830.380619,36892.471238,36768.29,0.0
143,44336.36030998831,36813.735085,36877.83,36749.640171,0.0
144,44336.36036855489,36800.951486,36869.46,36732.442972,0.0
145,44336.360427170934,36790.210352,36853.21,36727.210705,0.0
146,44336.3604857291,36765.890313,36828.82,36702.960627,0.0
147,44336.360544309224,36769.98864,36830.987281,36708.99,0.0
148,44336.36060282347,36785.367458,36847.564916,36723.17,0.0
149,44336.36066139403,36796.52,36855.87,36737.17,0.0
150,44336.36071995463,36795.675,36857.36,36733.99,0.0
151,44336.36077852445,36798.63,36859.58,36737.68,0.0
152,44336.36083707417,36808.875,36868.42,36749.33,0.0
153,44336.36089566172,36782.355,36841.89,36722.82,0.0
154,44336.3609542532,36799.898592,36860.217185,36739.58,0.0
155,44336.36101281411,36809.103174,36874.22,36743.986348,0.0
156,44336.36107138035,36779.887339,36819.984679,36739.79,0.0
157,44336.36113001094,36782.538939,36825.067878,36740.01,0.0
158,44336.36118858406,36783.055357,36824.800714,36741.31,0.0
159,44336.36124713813,36802.096965,36841.403931,36762.79,0.0
160,44336.36130573373,36838.735847,36880.691694,36796.78,0.0
161,44336.36136431293,36840.034236,36907.084395,36772.984078,0.0
162,44336.36142290782,36895.905,36937.96,36853.85,0.0
163,44336.36148152447,36870.74,36919.3,36822.18,0.0
164,44336.36154012932,36875.87,36934.59,36817.15,0.0
165,44336.361598703224,36873.745,36930.41,36817.08,0.0
166,44336.36165725899,36870.185,36930.73,36809.64,0.0
167,44336.361715825245,36874.189525,36937.05,36811.32905,0.0
168,44336.36177443384,36867.975,36930.59,36805.36,0.0
169,44336.36183322733,36843.160374,36902.46,36783.860749,0.0
170,44336.361891829954,36845.290344,36907.12,36783.460689,0.0
171,44336.361950409155,36815.533897,36878.21,36752.857794,0.0
172,44336.36200898502,36847.870425,36914.84,36780.900851,0.0
173,44336.36206755922,36860.398481,36922.89,36797.906962,0.0
174,44336.36212614056,36878.046538,36941.533077,36814.56,0.0
175,44336.36218472081,36895.140443,36956.300887,36833.98,0.0
176,44336.3622433434,36902.145,36959.78,36844.51,0.0
177,44336.36230193222,36901.4,36963.15,36839.65,0.0
178,44336.36236048016,36926.278182,36983.26,36869.296364,0.0
179,44336.362419046374,36934.254313,36993.688627,36874.82,0.0
180,44336.362477642855,36946.373314,37008.516629,36884.23,0.0
181,44336.36253626827,36931.516538,36997.533077,36865.5,0.0
182,44336.36259485627,36911.612052,36976.922786,36846.301318,0.0
183,44336.36265340139,36923.240909,36988.841818,36857.64,0.0
184,44336.362711971415,36920.557304,36982.174609,36858.94,0.0
185,44336.36277060997,36948.63003,37012.48006,36884.78,0.0
186,44336.3628292018,36967.395491,37037.56,36897.230982,0.0
187,44336.36288792646,36968.09,37034.64,36901.54,0.0
188,44336.36294783724,36979.050369,37036.86,36921.240738,0.0
189,44336.36300643388,37001.707524,37059.24,36944.175049,0.0
190,44336.36306499113,36983.375807,37043.77,36922.981614,0.0
191,44336.36312356717,36955.723378,37018.93,36892.516756,0.0
192,44336.363182153866,36984.785369,37048.33,36921.240738,0.0
193,44336.36324075359,36989.630794,37055.701589,36923.56,0.0
194,44336.3632993572,36984.026717,37049.8,36918.253434,0.0
195,44336.363357950984,36963.84244,37026.01488,36901.67,0.0
196,44336.36341653842,36967.985,37029.56,36906.41,0.0
197,44336.36347511466,36958.828525,37017.85705,36899.8,0.0
198,44336.36353370597,36947.017932,37008.045865,36885.99,0.0
199,44336.36359230779,36963.18,37025.09,36901.27,0.0
200,44336.36365088911,36996.101879,37055.793758,36936.41,0.0
201,44336.36370945295,36998.116879,37055.793758,36940.44,0.0
202,44336.36376799824,36983.270369,37045.3,36921.240738,0.0
203,44336.363826632594,36993.181879,37055.793758,36930.57,0.0
204,44336.36388513799,37005.970484,37062.27,36949.670969,0.0
205,44336.363943704164,37003.223001,37062.26,36944.186002,0.0
206,44336.364002263195,37006.155,37062.29,36950.02,0.0
207,44336.3640608237,36979.6,37039.66,36919.54,0.0
208,44336.36411943409,36972.144933,37032.82,36911.469867,0.0
209,44336.36417802824,36975.015,37037.48,36912.55,0.0
210,44336.36423659965,36995.48,37062.64,36928.32,0.0
211,44336.36429520577,36986.087978,37050.935219,36921.240738,0.0
212,44336.36435375772,37003.34,37066.91,36939.77,0.0
213,44336.364412417,36995.563576,37058.98,36932.147153,0.0
214,44336.364471037065,36997.052662,37060.575325,36933.53,0.0
215,44336.36452960746,36992.112599,37055.52,36928.705198,0.0
216,44336.36458821822,36983.259478,37047.678956,36918.84,0.0
217,44336.364646798604,36981.04,37045.24,36916.84,0.0
218,44336.364705396176,36984.073363,37047.996726,36920.15,0.0
219,44336.36476396289,36982.317491,37046.11,36918.524983,0.0
220,44336.36482253005,36941.204555,37004.929111,36877.48,0.0
221,44336.36488111094,36928.68,36990.44,36866.92,0.0
222,44336.364939688945,36942.874555,37004.929111,36880.82,0.0
223,44336.36499822478,36926.33,36988.74,36863.92,0.0
224,44336.36505681043,36888.948234,36951.21,36826.686468,0.0
225,44336.36511540867,36925.55,36988.66,36862.44,0.0
226,44336.36517400361,36911.65,36975.7,36847.6,0.0
227,44336.36523257272,36923.639275,36987.28,36859.998551,0.0
228,44336.36529121178,36906.021623,36973.293247,36838.75,0.0
229,44336.36534981429,36925.199972,36993.58,36856.819945,0.0
230,44336.365408404876,36910.936005,36975.60201,36846.27,0.0
231,44336.36546695475,36924.550515,36987.451031,36861.65,0.0
232,44336.36552553967,36906.063153,36973.206307,36838.92,0.0
233,44336.36558412097,36919.525,36977.79,36861.26,0.0
234,44336.36564271346,36920.945,36979.03,36862.86,0.0
235,44336.36570128146,36904.242604,36965.18,36843.305208,0.0
236,44336.36575989091,36901.522604,36959.74,36843.305208,0.0
237,44336.36581848295,36907.331943,36971.0,36843.663886,0.0
238,44336.36587704589,36907.430251,36971.555294,36843.305208,0.0
239,44336.36593560711,36928.396603,36990.243206,36866.55,0.0
240,44336.365994188265,36942.285,37003.42,36881.15,0.0
241,44336.36605279598,36963.170801,37031.621602,36894.72,0.0
242,44336.36611136866,36963.316924,37027.113849,36899.52,0.0
243,44336.36616996268,36998.086933,37059.573866,36936.6,0.0
244,44336.3662286079,36995.755,37057.95,36933.56,0.0
245,44336.3662871902,37034.05,37092.79,36975.31,0.0
246,44336.36634577817,37033.468924,37097.17,36969.767848,0.0
247,44336.36640435167,37044.777604,37106.25,36983.305208,0.0
248,44336.3664629504,37029.144558,37091.35,36966.939116,0.0
249,44336.36652153841,37032.98,37097.32,36968.64,0.0
250,44336.36658013262,37041.218408,37105.996816,36976.44,0.0
251,44336.366638679734,37042.332685,37105.87,36978.795371,0.0
252,44336.366697203346,37042.83609,37105.67,36980.00218,0.0
253,44336.36675578292,37040.7235,37101.407,36980.04,0.0
254,44336.366814377834,37035.745,37097.93,36973.56,0.0
255,44336.3668729577,37097.887604,37156.47,37039.305208,0.0
256,44336.366931546305,37155.830053,37213.6,37098.060107,0.0
257,44336.36699010946,37124.965305,37191.679304,37058.251307,0.0
258,44336.367048728884,37134.606721,37199.37681,37069.836632,0.0
259,44336.36710734436,37126.305,37186.370001,37066.24,0.0
260,44336.367165865726,37091.980603,37151.03,37032.931206,0.0
261,44336.36722447245,37104.6,37163.88,37045.32,0.0
262,44336.367283101594,37089.815,37152.57,37027.06,0.0
263,44336.36734163176,37131.947604,37196.59,37067.305208,0.0
264,44336.36740022728,37126.205,37186.24,37066.17,0.0
265,44336.36745877238,37116.565,37177.63,37055.5,0.0
266,44336.36751737021,37105.44,37167.98,37042.9,0.0
267,44336.36757592098,37096.665,37158.63,37034.7,0.0
268,44336.36763448823,37098.210981,37163.352185,37033.069778,0.0
269,44336.367693108885,37074.415663,37142.021327,37006.81,0.0
270,44336.36775171812,37084.213329,37148.576659,37019.85,0.0
271,44336.367810282165,37086.031718,37148.443436,37023.62,0.0
272,44336.36786888165,37098.535,37157.42,37039.65,0.0
273,44336.36792740287,37100.443961,37166.437923,37034.45,0.0
274,44336.36798598117,37097.969385,37160.35877,37035.58,0.0
275,44336.368044569586,37091.392772,37153.94,37028.845544,0.0
276,44336.36810315804,37106.275939,37169.721879,37042.83,0.0
277,44336.36816172665,37140.569073,37205.778146,37075.36,0.0
278,44336.368220321856,37141.36,37202.42,37080.3,0.0
279,44336.368278920534,37151.53,37216.3,37086.76,0.0
280,44336.36833748941,37113.58,37173.22,37053.94,0.0
281,44336.368396069796,37084.755,37140.27,37029.24,0.0
282,44336.36845464211,37051.094201,37118.883194,36983.305208,0.0
283,44336.36851319453,37083.465457,37145.320915,37021.61,0.0
284,44336.36857177116,37081.821044,37146.883194,37016.758895,0.0
285,44336.36863036962,37089.542132,37154.374264,37024.71,0.0
286,44336.36868897273,37072.656286,37133.43,37011.882572,0.0
287,44336.368747558496,37023.272825,37082.51,36964.035651,0.0
288,44336.36880617026,37031.99,37092.25,36971.73,0.0
289,44336.36886472429,37020.675,37080.1,36961.25,0.0
290,44336.36892326831,36993.725,37053.28,36934.17,0.0
291,44336.3689818629,37017.405,37070.91,36963.9,0.0
292,44336.369040503974,37016.688539,37073.33,36960.047078,0.0
293,44336.36909910076,37032.258214,37096.385158,36968.131271,0.0
294,44336.36915769283,37053.417194,37118.250011,36988.584377,0.0
295,44336.36921625418,37024.427123,37090.883194,36957.971052,0.0
296,44336.36927484095,37042.590962,37106.59,36978.591925,0.0
297,44336.36933349524,37044.774903,37105.09,36984.459807,0.0
298,44336.36939206969,37022.040456,37088.39,36955.690913,0.0
299,44336.36945067795,37021.468315,37087.63,36955.306631,0.0
300,44336.369509250864,37029.276605,37096.888054,36961.665157,0.0
301,44336.369567911286,37005.612963,37073.005926,36938.22,0.0
302,44336.369626483654,36981.951268,37046.49,36917.412536,0.0
303,44336.36968505769,36952.955,37015.93,36889.98,0.0
304,44336.36974357113,36972.035,37027.48,36916.59,0.0
305,44336.36980216737,36979.44,37039.21,36919.67,0.0
306,44336.36986077202,36970.62,37026.46,36914.78,0.0
307,44336.36991933765,36970.61,37030.87,36910.35,0.0
308,44336.36997793381,36948.00062,37013.491241,36882.51,0.0
309,44336.370036505425,36958.65595,37021.0019,36896.31,0.0
310,44336.3700950855,36969.331597,37034.883194,36903.78,0.0
311,44336.37015366965,36970.509233,37033.428467,36907.59,0.0
312,44336.37021224431,36981.220276,37044.98,36917.460553,0.0
313,44336.37027083034,36972.843071,37037.51,36908.176142,0.0
314,44336.370329404606,36974.197986,37039.217997,36909.177975,0.0
315,44336.3703879383,36964.757392,37027.73,36901.784785,0.0
316,44336.37044644118,36964.916091,37025.92,36903.912182,0.0
317,44336.37050501715,36937.448647,37003.592087,36871.305208,0.0
318,44336.3705636012,36990.747227,37048.5,36932.994455,0.0
319,44336.37062217534,37016.365,37077.6,36955.13,0.0
320,44336.37068078356,37077.963545,37142.27,37013.657091,0.0
321,44336.37073935662,37093.694814,37164.685203,37022.704425,0.0
322,44336.37079791227,37065.677481,37136.12,36995.234962,0.0
323,44336.37085647579,37090.410361,37151.170722,37029.65,0.0
324,44336.370915058294,37086.285,37143.5,37029.07,0.0
325,44336.370973563426,37084.251597,37146.883194,37021.62,0.0
326,44336.37103216851,37075.165,37135.36,37014.97,0.0
327,44336.37109073446,37018.54,37079.6,36957.48,0.0
328,44336.371149317856,36994.68,37060.78,36928.58,0.0
329,44336.371207894226,37023.22411,37085.568221,36960.88,0.0
330,44336.37126649255,37019.785531,37086.244754,36953.326308,0.0
331,44336.37132507837,37010.542318,37076.82,36944.264636,0.0
332,44336.37138367122,37003.9769,37069.326435,36938.627366,0.0
333,44336.37144226414,36996.17067,37062.788848,36929.552493,0.0
334,44336.37150084522,36991.267604,37055.23,36927.305208,0.0
335,44336.371559403626,37007.214472,37073.4,36941.028945,0.0
336,44336.371617984194,36970.705,37031.09,36910.32,0.0
337,44336.37167653441,36963.692702,37023.26,36904.125405,0.0
338,44336.371735135814,36954.941995,37018.67,36891.21399,0.0
339,44336.371793716644,36956.09,37020.4,36891.78,0.0
340,44336.371852296645,36984.559803,37043.869607,36925.25,0.0
341,44336.37191089819,36984.855,37051.37,36918.34,0.0
342,44336.37196945224,36970.515,37034.78,36906.25,0.0
343,44336.37202803358,36982.098313,37049.514291,36914.682335,0.0
344,44336.37208668916,36968.547919,37033.633502,36903.462336,0.0
345,44336.37214528683,36955.894457,37021.25,36890.538915,0.0
346,44336.37220386611,36974.218397,37033.836794,36914.6,0.0
347,44336.37226240232,37005.5099,37068.809801,36942.21,0.0
348,44336.372320959366,36980.085,37042.45,36917.72,0.0
349,44336.37237959277,36984.735,37046.39,36923.08,0.0
350,44336.37243818498,36961.690964,37022.76,36900.621928,0.0
351,44336.372496761185,36963.66,37025.17,36902.15,0.0
352,44336.37255535003,36927.080261,36990.071388,36864.089134,0.0
353,44336.37261393517,36961.946658,37024.063317,36899.83,0.0
354,44336.37267253774,36972.283694,37041.02,36903.547389,0.0
355,44336.37273111087,36970.505,37030.58,36910.43,0.0
356,44336.37278978213,36941.63958,37003.849161,36879.43,0.0
357,44336.37284830899,36938.7284,37004.328789,36873.128012,0.0
358,44336.372906916025,36936.298365,37001.004846,36871.591884,0.0
359,44336.372965506096,36932.097309,36995.840644,36868.353975,0.0
360,44336.373024062435,36933.719322,36993.06,36874.378644,0.0
361,44336.37308264046,36948.614232,37011.14,36886.088464,0.0
362,44336.37314121794,36940.409595,37000.66,36880.159191,0.0
363,44336.37319981396,36963.825964,37027.03,36900.621928,0.0
364,44336.37325838039,36970.926957,37032.44,36909.413914,0.0
365,44336.37331699184,36972.045,37035.53,36908.56,0.0
366,44336.373375539995,36954.671499,37016.562999,36892.78,0.0
367,44336.37343410521,36962.706252,37023.092505,36902.32,0.0
368,44336.37349264432,36962.899858,37025.969717,36899.83,0.0
369,44336.373551256176,36980.378782,37044.0912,36916.666365,0.0
370,44336.37360984411,36985.523422,37046.316844,36924.73,0.0
371,44336.37366842636,36963.900964,37027.18,36900.621928,0.0
372,44336.37372698186,36959.75,37021.14,36898.36,0.0
373,44336.37378560318,36969.047471,37032.308671,36905.786272,0.0
374,44336.37384422213,36964.94,37027.93,36901.95,0.0
375,44336.37390283573,36947.066665,37016.07333,36878.06,0.0
376,44336.37396136526,36941.305,37001.36,36881.25,0.0
377,44336.37401997534,36939.25098,37001.581961,36876.92,0.0
378,44336.37407853885,36929.736694,36993.707578,36865.765811,0.0
379,44336.374137140614,36953.14,37017.37,36888.91,0.0
380,44336.37419572077,36915.885,36976.23,36855.54,0.0
381,44336.37425428177,36910.11,36970.62,36849.6,0.0
382,44336.374312867236,36909.84451,36973.42,36846.269021,0.0
383,44336.37437150221,36910.594863,36969.61,36851.579727,0.0
384,44336.37443015245,36891.824541,36957.709082,36825.94,0.0
385,44336.37448875691,36889.267142,36952.766897,36825.767388,0.0
386,44336.37454726721,36893.335457,36957.748845,36828.92207,0.0
387,44336.37460582194,36870.243788,36932.2,36808.287577,0.0
388,44336.374664444855,36868.759028,36931.15,36806.368056,0.0
389,44336.374723055786,36870.305,36932.44,36808.17,0.0
390,44336.37478166263,36883.58,36948.24,36818.92,0.0
391,44336.374840300916,36857.375107,36923.820214,36790.93,0.0
392,44336.37489888997,36851.206701,36913.791474,36788.621928,0.0
393,44336.374957453656,36853.595,36914.14,36793.05,0.0
394,44336.37501609145,36875.425961,36940.531923,36810.32,0.0
395,44336.375074672374,36941.862869,37008.766897,36874.958842,0.0
396,44336.3751332458,36941.418071,37004.57,36878.266142,0.0
397,44336.375191776904,36962.385,37026.69,36898.08,0.0
398,44336.37525034113,36944.17,37006.73,36881.61,0.0
399,44336.37530890277,36918.731588,36984.083177,36853.38,0.0
400,44336.375367517096,36895.84,36959.29,36832.39,0.0
401,44336.37542612796,36901.944351,36967.718843,36836.16986,0.0
402,44336.37548471103,36899.453088,36961.076177,36837.83,0.0
403,44336.375543283364,36876.338514,36943.407029,36809.27,0.0
404,44336.375601873115,36861.49,36921.15,36801.83,0.0
405,44336.37566048149,36855.533008,36919.094767,36791.971249,0.0
406,44336.37571905414,36855.090223,36919.965196,36790.21525,0.0
407,44336.37577764134,36875.557529,36936.49,36814.625059,0.0
408,44336.37583629112,36865.884068,36928.37,36803.398136,0.0
409,44336.375894881385,36895.115,36955.33,36834.9,0.0
410,44336.375953494506,36902.598075,36968.236151,36836.96,0.0
411,44336.37601200809,36888.05444,36952.653003,36823.455877,0.0
412,44336.37607057341,36856.647955,36919.54,36793.755911,0.0
413,44336.37612914655,36863.83672,36928.853016,36798.820425,0.0
414,44336.37618772563,36872.81,36935.88,36809.74,0.0
415,44336.37624633403,36877.205964,36937.79,36816.621928,0.0
416,44336.3763051267,36879.065964,36941.51,36816.621928,0.0
417,44336.37636367191,36874.830694,36938.0,36811.661388,0.0
418,44336.37642224407,36886.405,36945.5,36827.31,0.0
419,44336.376480864325,36907.977431,36978.149769,36837.805094,0.0
420,44336.37653943213,36907.998721,36970.777442,36845.22,0.0
421,44336.376598015726,36920.12,36985.15,36855.09,0.0
422,44336.37665659684,36950.732294,37014.154588,36887.31,0.0
423,44336.37671516766,36928.774829,36993.05,36864.499658,0.0
424,44336.376773722375,36908.52931,36969.11,36847.94862,0.0
425,44336.37683227251,36899.968398,36965.856796,36834.08,0.0
426,44336.37689086702,36883.215964,36949.81,36816.621928,0.0
427,44336.37694945163,36853.41,36916.61,36790.21,0.0
428,44336.37700800859,36858.352231,36923.378931,36793.325532,0.0
429,44336.377066607565,36885.575,36952.33,36818.82,0.0
430,44336.377125228675,36881.015,36942.49,36819.54,0.0
431,44336.37718379911,36900.967794,36966.165588,36835.77,0.0
432,44336.37724240198,36910.497538,36975.125076,36845.87,0.0
433,44336.37730098056,36945.463615,37008.86723,36882.06,0.0
434,44336.377359567974,36956.971714,37021.553429,36892.39,0.0
435,44336.377418157055,36957.645,37021.87,36893.42,0.0
436,44336.377476735885,36947.087643,37010.23,36883.945287,0.0
437,44336.377535306216,36948.647967,37012.01,36885.285934,0.0
438,44336.37759388163,36915.195,36979.31,36851.08,0.0
439,44336.377652465795,36902.795,36964.19,36841.4,0.0
440,44336.37771097091,36928.525,36987.33,36869.72,0.0
441,44336.37776957242,36931.050313,36997.142115,36864.958511,0.0
442,44336.37782815588,36937.79,37000.95,36874.63,0.0
443,44336.377886724826,36897.360717,36959.48,36835.241435,0.0
444,44336.37794531066,36912.26,36975.73,36848.79,0.0
445,44336.37800391309,36914.415,36977.01,36851.82,0.0
446,44336.37806250901,36911.767138,36977.87,36845.664276,0.0
447,44336.37812109243,36909.655,36971.94,36847.37,0.0
448,44336.37817968341,36928.347428,36993.274856,36863.42,0.0
449,44336.37823833351,36916.157474,36982.75,36849.564949,0.0
450,44336.37829696306,36936.653174,37009.996664,36863.309684,0.0
451,44336.3783555528,36908.455,36969.02,36847.89,0.0
452,44336.37841411549,36937.455,36988.93,36885.98,0.0
453,44336.378472679404,36934.36,36988.96,36879.76,0.0
454,44336.37853125032,36934.985,36992.28,36877.69,0.0
455,44336.378589807,36921.315,36979.2,36863.43,0.0
456,44336.37864836047,36906.147528,36970.945057,36841.35,0.0
457,44336.37870695639,36912.46,36968.97,36855.95,0.0
458,44336.37876552611,36934.312794,36994.165588,36874.46,0.0
459,44336.37882410452,36927.103395,36994.165588,36860.041202,0.0
460,44336.37888268783,36927.515934,36992.060307,36862.971562,0.0
461,44336.37894131337,36930.445,36991.57,36869.32,0.0
462,44336.378999883476,36929.186456,36990.452912,36867.92,0.0
463,44336.37905843579,36928.065702,36994.45,36861.681405,0.0
464,44336.379117007404,36919.318532,36983.25,36855.387064,0.0
465,44336.37917564527,36916.096469,36979.522938,36852.67,0.0
466,44336.37923422141,36927.736116,36990.31,36865.162232,0.0
467,44336.37929280274,36933.516226,36999.902453,36867.13,0.0
468,44336.37935139314,36947.779951,37011.059902,36884.5,0.0
469,44336.379409992434,36955.030189,37019.48,36890.580379,0.0
470,44336.37946857658,36978.73,37033.13,36924.33,0.0
471,44336.379527187884,36999.963461,37063.63,36936.296922,0.0
472,44336.379585739756,36966.817279,37028.8,36904.834559,0.0
473,44336.37964432328,36970.555,37031.56,36909.55,0.0
474,44336.37970291045,36954.9,37017.36,36892.44,0.0
475,44336.37976150704,36954.581357,37016.19,36892.972715,0.0
476,44336.37982006051,36959.11,37017.44,36900.78,0.0
477,44336.379878675856,36961.61,37019.9,36903.32,0.0
478,44336.37993723162,36979.515,37049.05,36909.98,0.0
479,44336.37999582619,37002.501652,37067.693305,36937.31,0.0
480,44336.38005451026,37013.580379,37074.300759,36952.86,0.0
481,44336.38011303466,36975.91,37038.8,36913.02,0.0
482,44336.38017157981,36969.865,37032.54,36907.19,0.0
483,44336.38023019059,36961.425,37027.61,36895.24,0.0
484,44336.38028878741,36962.442748,37030.685497,36894.2,0.0
485,44336.38034740229,36958.911564,37020.413129,36897.41,0.0
486,44336.38040604178,36958.535,37016.17,36900.9,0.0
487,44336.38046460521,36973.37,37040.69,36906.05,0.0
488,44336.38052318248,36941.495,37005.59,36877.4,0.0
489,44336.38058177381,36930.553576,36990.16,36870.947153,0.0
490,44336.38064035515,36938.707279,37000.58,36876.834559,0.0
491,44336.380698951536,36929.004539,36991.23,36866.779079,0.0
492,44336.38075751672,36919.049282,36983.238565,36854.86,0.0
493,44336.38081610846,36913.815217,36974.690434,36852.94,0.0
494,44336.38087471527,36900.135292,36963.045111,36837.225474,0.0
495,44336.38093330511,36889.708308,36955.886616,36823.53,0.0
496,44336.38099185877,36890.929716,36952.24,36829.619433,0.0
497,44336.38105044427,36892.184889,36950.54,36833.829779,0.0
498,44336.381109022615,36887.960832,36947.691665,36828.23,0.0
499,44336.38116759845,36867.338189,36930.99,36803.686379,0.0
500,44336.38122620852,36876.393959,36937.74,36815.047919,0.0
501,44336.38128472011,36895.225,36955.89,36834.56,0.0
502,44336.38134336675,36876.41,36938.41,36814.41,0.0
503,44336.38140193271,36873.495,36935.35,36811.64,0.0
504,44336.381460480836,36874.528478,36937.676956,36811.38,0.0
505,44336.381519078706,36877.482794,36938.165588,36816.8,0.0
506,44336.38157765011,36873.189131,36938.093009,36808.285254,0.0
507,44336.381636242215,36833.881934,36896.37,36771.393869,0.0
508,44336.38169482283,36816.359146,36882.165588,36750.552705,0.0
509,44336.38175336141,36812.150029,36874.663292,36749.636766,0.0
510,44336.38181197599,36790.108355,36855.734504,36724.482206,0.0
511,44336.38187057159,36795.962556,36859.59,36732.335112,0.0
512,44336.38192920261,36807.29,36863.51,36751.07,0.0
513,44336.38198777279,36824.34,36881.87,36766.81,0.0
514,44336.38204637431,36808.727406,36870.48,36746.974812,0.0
515,44336.38210498122,36755.039978,36813.089956,36696.99,0.0
516,44336.3821635728,36716.235,36766.89,36665.58,0.0
517,44336.3822221554,36721.53,36786.01,36657.05,0.0
518,44336.382280690195,36746.87,36805.09,36688.65,0.0
519,44336.382339265656,36741.77,36810.6,36672.94,0.0
520,44336.38239784317,36758.58,36817.34,36699.82,0.0
521,44336.38245641646,36715.642279,36778.45,36652.834559,0.0
522,44336.38251496721,36717.73903,36782.36,36653.118061,0.0
523,44336.38257354881,36711.032279,36769.23,36652.834559,0.0
524,44336.38263213453,36740.492279,36800.15,36680.834559,0.0
525,44336.3826907516,36753.2,36813.03,36693.37,0.0
526,44336.382749313525,36770.53941,36831.13,36709.948821,0.0
527,44336.382807867274,36772.32,36828.7,36715.94,0.0
528,44336.38286644266,36785.563617,36846.267234,36724.86,0.0
529,44336.38292500758,36799.2259,36860.501801,36737.95,0.0
530,44336.38298361247,36823.696727,36885.343455,36762.05,0.0
531,44336.38304218838,36842.93,36901.76,36784.1,0.0
532,44336.38310070124,36833.965,36896.68,36771.25,0.0
533,44336.38315927561,36789.470507,36851.881015,36727.06,0.0
534,44336.38321785065,36789.145,36843.45,36734.84,0.0
535,44336.383276433575,36808.355703,36870.95,36745.761407,0.0
536,44336.38333502717,36808.81469,36871.15,36746.47938,0.0
537,44336.3833936236,36783.980001,36839.96,36728.000003,0.0
538,44336.38345216386,36802.426682,36865.46,36739.393365,0.0
539,44336.3835107345,36782.737931,36844.42,36721.055863,0.0
540,44336.38356932279,36771.822279,36834.81,36708.834559,0.0
541,44336.383627924,36742.964039,36801.638078,36684.29,0.0
542,44336.38368651638,36768.472794,36826.165588,36710.78,0.0
543,44336.38374507046,36752.482128,36814.364257,36690.6,0.0
544,44336.38380359745,36782.789788,36843.839577,36721.74,0.0
545,44336.383862201554,36794.5,36854.9,36734.1,0.0
546,44336.383920789776,36767.104076,36829.628153,36704.58,0.0
547,44336.38397934197,36748.060592,36809.931185,36686.19,0.0
548,44336.384037938056,36744.769589,36808.02,36681.519178,0.0
549,44336.384096524744,36748.572347,36811.83,36685.314695,0.0
550,44336.384155081054,36749.744798,36814.349597,36685.14,0.0
551,44336.38421364472,36746.409703,36806.74,36686.079406,0.0
552,44336.38427220722,36753.55,36815.96,36691.14,0.0
553,44336.384330796594,36776.553063,36837.736127,36715.37,0.0
554,44336.38438941215,36780.032101,36840.634203,36719.43,0.0
555,44336.38444798435,36797.135,36858.18,36736.09,0.0
556,44336.38450657253,36797.69,36857.97,36737.41,0.0
557,44336.38456516209,36792.901318,36854.74,36731.062636,0.0
558,44336.38462373847,36798.992026,36861.034053,36736.95,0.0
559,44336.38468229654,36797.453473,36858.836946,36736.07,0.0
560,44336.384740915,36824.41,36884.78,36764.04,0.0
561,44336.38479947826,36768.216164,36833.39,36703.042328,0.0
562,44336.384858030644,36775.675756,36839.43,36711.921513,0.0
563,44336.38491663712,36773.99,36834.9,36713.08,0.0
564,44336.38497520111,36787.918978,36848.66,36727.177956,0.0
565,44336.38503374751,36798.953931,36862.72,36735.187862,0.0
566,44336.38509231735,36791.054973,36854.93199,36727.177956,0.0
567,44336.385150871116,36807.411949,36872.715277,36742.108622,0.0
568,44336.38520944793,36819.414443,36876.348886,36762.48,0.0
569,44336.385268021586,36830.797787,36887.325574,36774.27,0.0
570,44336.38532658874,36837.595,36894.91,36780.28,0.0
571,44336.38538516667,36846.75,36905.04,36788.46,0.0
572,44336.38544373203,36848.665,36903.67,36793.66,0.0
573,44336.38550231732,36849.895,36905.98,36793.81,0.0
574,44336.38556088652,36850.19,36909.93,36790.45,0.0
575,44336.38561944762,36848.486943,36913.79593,36783.177956,0.0
576,44336.38567813724,36768.170399,36829.120798,36707.22,0.0
577,44336.385736786404,36749.095,36814.33,36683.86,0.0
578,44336.38579537448,36742.935,36809.86,36676.01,0.0
579,44336.38585392203,36746.828929,36814.331261,36679.326598,0.0
580,44336.385912458085,36750.932434,36811.75,36690.114869,0.0
581,44336.385971064716,36760.258978,36821.34,36699.177956,0.0
582,44336.386029682384,36657.931978,36721.033956,36594.83,0.0
583,44336.38608825801,36608.71,36673.67,36543.75,0.0
584,44336.38614685016,36631.86,36695.41,36568.31,0.0
585,44336.38620543987,36610.557862,36674.08,36547.035724,0.0
586,44336.38626399614,36607.584579,36666.76,36548.409158,0.0
587,44336.38632256805,36622.395,36687.57,36557.22,0.0
588,44336.386381174634,36660.915,36724.12,36597.71,0.0
589,44336.38643976415,36685.9,36748.5,36623.3,0.0
590,44336.3864983544,36667.76,36729.51,36606.01,0.0
591,44336.38655691099,36623.213261,36686.056522,36560.37,0.0
592,44336.38661544383,36601.62,36667.95,36535.29,0.0
593,44336.38667405322,36590.78,36659.72,36521.84,0.0
594,44336.38673261654,36607.162897,36674.18,36540.145794,0.0
595,44336.38679125379,36652.860451,36718.542946,36587.177956,0.0
596,44336.38684976992,36686.353851,36754.327703,36618.38,0.0
597,44336.38690833584,36694.711763,36758.95,36630.473526,0.0
598,44336.38696686481,36650.465,36718.45,36582.48,0.0
599,44336.38702545336,36653.378978,36719.58,36587.177956,0.0
600,44336.38708404467,36620.83,36683.68,36557.98,0.0
601,44336.38714267439,36606.427063,36672.394126,36540.46,0.0
602,44336.387201290556,36613.57,36678.99,36548.15,0.0
603,44336.38725986477,36590.29462,36655.39,36525.19924,0.0
604,44336.38731853836,36599.864978,36666.64,36533.089956,0.0
605,44336.387377126426,36600.453978,36669.73,36531.177956,0.0
606,44336.387435745615,36611.952261,36674.494523,36549.41,0.0
607,44336.38749434536,36620.403978,36681.63,36559.177956,0.0
608,44336.387552917346,36647.401906,36717.893148,36576.910665,0.0
609,44336.387611472855,36623.643944,36688.109932,36559.177956,0.0
610,44336.38767005349,36632.92556,36697.65674,36568.19438,0.0
611,44336.38772861299,36622.88953,36685.149061,36560.63,0.0
612,44336.38778719179,36634.472763,36702.82,36566.125526,0.0
613,44336.387845834426,36629.915636,36693.201272,36566.63,0.0
614,44336.38790440448,36611.305,36671.64,36550.97,0.0
615,44336.387962977395,36614.274217,36677.94,36550.608435,0.0
616,44336.38802159033,36585.761197,36652.24,36519.282394,0.0
617,44336.388080223136,36581.018688,36639.07,36522.967377,0.0
618,44336.38813878666,36582.173739,36640.03,36524.317478,0.0
619,44336.38819737948,36564.976846,36627.43,36502.523692,0.0
620,44336.38825594444,36584.3,36644.15,36524.45,0.0
621,44336.388314523785,36580.395334,36645.42754,36515.363128,0.0
622,44336.3883731326,36602.284437,36660.238875,36544.33,0.0
623,44336.38843174724,36609.692897,36666.455794,36552.93,0.0
624,44336.38849034356,36631.397696,36690.835392,36571.96,0.0
625,44336.38854899638,36611.493442,36674.686884,36548.3,0.0
626,44336.3886110231,36613.07,36671.97,36554.17,0.0
627,44336.388669607164,36589.670504,36653.794799,36525.546209,0.0
628,44336.38872818843,36605.855,36666.19,36545.52,0.0
629,44336.38878678208,36624.613651,36685.727303,36563.5,0.0
630,44336.38884534958,36635.236147,36692.892294,36577.58,0.0
631,44336.388903972016,36607.67,36670.24,36545.1,0.0
632,44336.38896258458,36639.413442,36702.686884,36576.14,0.0
633,44336.389021176925,36663.303773,36724.47,36602.137547,0.0
634,44336.38907972033,36690.849795,36752.3,36629.39959,0.0
635,44336.38913830396,36683.765435,36746.37,36621.160871,0.0
636,44336.389196820695,36686.521469,36749.92,36623.122938,0.0
637,44336.389255397335,36629.96,36696.85,36563.07,0.0
638,44336.38931394598,36666.712271,36729.28,36604.144542,0.0
639,44336.3893725468,36672.31,36729.89,36614.73,0.0
640,44336.38943116647,36638.312874,36704.485748,36572.14,0.0
641,44336.38948969871,36640.442832,36705.947377,36574.938287,0.0
642,44336.389548308245,36647.72,36706.11,36589.33,0.0
643,44336.389606891,36663.095,36726.77,36599.42,0.0
644,44336.389665448136,36634.354642,36698.58,36570.129284,0.0
645,44336.3897240166,36653.395,36716.59,36590.2,0.0
646,44336.38978257447,36682.955,36744.6,36621.31,0.0
647,44336.38984115538,36671.034207,36734.128414,36607.94,0.0
648,44336.38989973584,36709.4,36771.39,36647.41,0.0
649,44336.38995837438,36701.537156,36766.53,36636.544312,0.0
650,44336.39001693757,36697.760851,36760.68,36634.841703,0.0
651,44336.39007553479,36703.322558,36765.83,36640.815117,0.0
652,44336.39013408299,36709.701761,36769.6,36649.803522,0.0
653,44336.39019271808,36712.832697,36775.27,36650.395394,0.0
654,44336.39025131375,36713.442638,36777.38,36649.505276,0.0
655,44336.39030986334,36689.245,36750.24,36628.25,0.0
656,44336.39036845483,36693.265,36754.78,36631.75,0.0
657,44336.39042703776,36703.608029,36766.266058,36640.95,0.0
658,44336.39048562822,36689.474033,36753.955894,36624.992172,0.0
659,44336.39054421496,36667.715,36730.53,36604.9,0.0
660,44336.390602737934,36635.67,36700.37,36570.97,0.0
661,44336.39066141523,36658.773554,36719.497108,36598.05,0.0
662,44336.39072003005,36666.211889,36729.933779,36602.49,0.0
663,44336.3907785895,36699.323442,36758.686884,36639.96,0.0
664,44336.39083716155,36704.235261,36768.130523,36640.34,0.0
665,44336.39089572444,36715.676046,36777.142092,36654.21,0.0
666,44336.39095429819,36718.843866,36782.324604,36655.363128,0.0
667,44336.391012897926,36724.266189,36786.686884,36661.845494,0.0
668,44336.391071481274,36736.420451,36801.05,36671.790903,0.0
669,44336.39113006461,36758.31962,36820.17,36696.469241,0.0
670,44336.39118877065,36783.089,36843.58,36722.598,0.0
671,44336.39124733548,36800.52,36860.76,36740.28,0.0
672,44336.39130588946,36795.426526,36860.104543,36730.748509,0.0
673,44336.39136449879,36789.663939,36852.58,36726.747878,0.0
674,44336.391423063986,36796.11,36858.62,36733.6,0.0
675,44336.39148163744,36807.193442,36870.686884,36743.7,0.0
676,44336.391540192715,36864.834218,36930.71,36798.958436,0.0
677,44336.39159877075,36901.608288,36965.64,36837.576576,0.0
678,44336.39165733551,37001.025006,37066.686884,36935.363128,0.0
679,44336.39171594419,36966.76,37033.56,36899.96,0.0
680,44336.39177450432,37018.625,37083.54,36953.71,0.0
681,44336.391833071975,37105.415535,37162.78,37048.051071,0.0
682,44336.39189164487,37185.805676,37238.69,37132.921353,0.0
683,44336.39239301515,37394.76,37467.35,37322.17,0.0
684,44336.39245159519,37391.8,37452.97,37330.63,0.0
685,44336.39251013444,37367.304897,37436.259794,37298.35,0.0
686,44336.39256873882,37372.726866,37435.88,37309.573733,0.0
687,44336.392627328525,37311.408605,37371.177211,37251.64,0.0
688,44336.392685888575,37337.747435,37408.82487,37266.67,0.0
689,44336.39274450727,37369.06,37436.03,37302.09,0.0
690,44336.3928030972,37330.152434,37404.094869,37256.21,0.0
691,44336.39286167223,37322.548947,37392.35,37252.747895,0.0
692,44336.39292023817,37300.798413,37371.466827,37230.13,0.0
693,44336.392978808646,37326.18,37397.1,37255.26,0.0
694,44336.393037380476,37323.904141,37390.69,37257.118283,0.0
695,44336.39309593547,37302.128219,37370.32,37233.936438,0.0
696,44336.3931544894,37245.792195,37311.004391,37180.58,0.0
697,44336.39321307779,37263.82,37331.71,37195.93,0.0
698,44336.393271665474,37281.647918,37350.985837,37212.31,0.0
699,44336.39333025043,37331.29,37397.69,37264.89,0.0
700,44336.39338884712,37350.400049,37418.770098,37282.03,0.0
701,44336.39344741907,37370.281269,37421.512539,37319.05,0.0
702,44336.39350599556,37303.464243,37368.35,37238.578486,0.0
703,44336.393564523394,37247.705,37314.34,37181.07,0.0
704,44336.393623082964,37241.396878,37315.466827,37167.326929,0.0
705,44336.39368163952,37282.26,37346.57,37217.95,0.0
706,44336.39374015102,37279.58,37344.86,37214.3,0.0
707,44336.393798745,37317.385,37382.42,37252.35,0.0
708,44336.3938573042,37341.184044,37403.17,37279.198089,0.0
709,44336.39391596418,37325.12737,37394.25474,37256.0,0.0
710,44336.39397451485,37291.907115,37354.89,37228.92423,0.0
711,44336.39403305645,37317.875,37384.0,37251.75,0.0
712,44336.39409163074,37272.906386,37337.812772,37208.0,0.0
713,44336.394150186396,37260.925,37330.6,37191.25,0.0
714,44336.3942087415,37203.715,37269.89,37137.54,0.0
715,44336.39426732849,37244.565617,37299.24,37189.891235,0.0
716,44336.394325904424,37230.643782,37285.27,37176.017565,0.0
717,44336.39438450873,37262.715,37325.57,37199.86,0.0
718,44336.39444305468,37255.765,37315.21,37196.32,0.0
719,44336.394501666255,37233.464044,37299.73,37167.198089,0.0
720,44336.39456024116,37286.645,37353.01,37220.28,0.0
721,44336.39461880951,37271.026535,37338.79307,37203.26,0.0
722,44336.39467737515,37280.608559,37347.397119,37213.82,0.0
723,44336.39473596002,37265.589931,37330.52,37200.659863,0.0
724,44336.39479452305,37252.063093,37318.21,37185.916186,0.0
725,44336.39485308307,37205.251004,37271.303919,37139.198089,0.0
726,44336.39491165953,37193.738629,37264.59,37122.887258,0.0
727,44336.39497025063,37208.865445,37264.17,37153.560891,0.0
728,44336.39502888655,37228.43,37290.99,37165.87,0.0
729,44336.39508742652,37224.782456,37285.994913,37163.57,0.0
730,44336.39514603504,37215.671346,37276.282693,37155.06,0.0
731,44336.395204640394,37202.625,37260.79,37144.46,0.0
732,44336.395263201346,37212.525,37275.78,37149.27,0.0
733,44336.39532174724,37208.73,37273.99,37143.47,0.0
734,44336.39561707332,37120.228777,37191.174567,37049.282987,0.0
