,begins_at,open_price,close_price,high_price,low_price,volume,session,interpolated,symbol,action,pp1,pp2,pp3,pp4,bin,rand,action, shares , value ,,bin,buy,hold,sell,,
0,4/20/2021 20:20,57071.05,56842.555,57192.685,56520.53,0,reg,FALSE,BTCUSD,,,,,,,,,, $100.00 ,,1,60%,40%,0%,,
1,4/20/2021 20:25,56842.555,56987.37,57183.01,55667.52,0,reg,FALSE,BTCUSD,buy,-1.157698839,,,,,,, -   , $100.00 ,,2,57%,43%,0%,,
2,4/20/2021 20:30,56855.385,56983.86,57292.77,55597.755,0,reg,FALSE,BTCUSD,hold,0.06499015,0.704268858,,,,,, -   , $100.00 ,,3,65%,35%,0%,,
3,4/20/2021 20:35,56983.86,56908.825,57267.715,55805.175,0,reg,FALSE,BTCUSD,sell,0.649320702,0.336574397,-0.211792009,,,,, -   , $100.00 ,,4,75%,25%,0%,,
4,4/20/2021 20:40,56782.71,57001.675,57198.63,55626.825,0,reg,FALSE,BTCUSD,buy,-1.020226052,-0.961658931,-0.747782398,-0.308730464,1,0.475505363,buy, 0.00176 , $-   ,,5,48%,52%,0%,,
5,4/20/2021 20:45,57001.675,56998.225,57235.55,55743.385,0,reg,FALSE,BTCUSD,sell,1.106316962,1.224888775,1.259451477,1.156166711,81,0.386027343,hold, 0.00176 , $-   ,,6,60%,40%,0%,,
6,4/20/2021 20:50,56998.225,56846.515,57182.335,55795.42,0,reg,FALSE,BTCUSD,hold,-0.017432122,-0.647279473,-1.078368912,-1.346584545,28,0.470467486,hold, 0.00176 , $-   ,,7,,,,,
7,4/20/2021 20:55,56846.515,56650.07,57219.84,55924.735,0,reg,FALSE,BTCUSD,hold,-0.768604372,-0.432675215,0.123612052,0.692341034,6,0.809718807,hold, 0.00176 , $-   ,,8,0%,100%,0%,,
8,4/20/2021 21:00,56542.385,56794.785,57205.22,55143.795,0,reg,FALSE,BTCUSD,buy,-1.549093482,-0.449561728,-0.009726631,-0.076803082,5,0.566421153,hold, 0.00176 , $-   ,,9,70%,30%,0%,,
9,4/20/2021 21:05,56637.035,56740.615,57194.945,55842.13,0,reg,FALSE,BTCUSD,hold,0.481296382,1.169504563,0.932582184,0.542769878,81,0.247670321,hold, 0.00176 , $-   ,,10,53%,47%,0%,,
10,4/20/2021 21:10,56705.51,56840.085,57232.81,56622.27961,0,reg,FALSE,BTCUSD,hold,0.347775727,-0.076907897,-0.717933576,-0.950697077,64,0.574960268,sell, -   , $99.86 ,,11,,,,,
11,4/20/2021 21:15,56966.745,56758.275,57188.555,55868.815,0,reg,FALSE,BTCUSD,sell,1.320694733,0.560401348,0.367090125,0.624973653,81,0.816672568,sell, -   , $99.86 ,,12,,,,,
12,4/20/2021 21:20,56758.275,56505.78,57031.52,55709.26,0,reg,FALSE,BTCUSD,hold,-1.057808045,-1.370017599,-1.111921312,-0.851910587,1,0.061681745,buy, 0.00176 , $-   ,,13,76%,24%,0%,,
13,4/20/2021 21:25,56505.78,56803.78,56957.62,55734.085,0,reg,FALSE,BTCUSD,buy,-1.286922507,-0.13196993,0.713115458,1.05122118,18,0.777064987,hold, 0.00176 , $-   ,,14,76%,24%,0%,,
14,4/20/2021 21:30,56525.6527,56629.02814,56701.7203,56231.72661,0,reg,FALSE,BTCUSD,hold,0.101252024,0.799588529,0.536577672,-0.101685765,53,0.129702566,buy, 0.00176 , $-   ,,15,65%,35%,0%,,
15,4/20/2021 21:35,56629.02814,56648.98483,56816.59736,56326.42352,0,reg,FALSE,BTCUSD,hold,0.525739704,0.244504904,-0.319728168,-0.493232164,73,0.940840843,sell, -   , $99.64 ,,16,,,,,
16,4/20/2021 21:40,56666.125,56730.625,56873.62,56436.71524,0,reg,FALSE,BTCUSD,hold,0.188541122,-0.194226383,-0.252709221,0.038602914,38,0.049411069,hold, -   , $99.64 ,,17,64%,36%,0%,,
17,4/20/2021 21:45,56741.475,56838.895,56982.82,56475.185,0,reg,FALSE,BTCUSD,hold,0.382450404,0.111691746,0.176208842,0.247056805,69,0.295814819,hold, -   , $99.64 ,,18,59%,41%,0%,,
18,4/20/2021 21:50,56964.315,56869.41,57033.75125,56593.08914,0,reg,FALSE,BTCUSD,sell,1.126633754,0.42864961,0.18256773,0.003662719,77,0.742971385,sell, -   , $99.64 ,,19,100%,0%,0%,,
19,4/20/2021 21:55,56869.41,56979.14,57230.34,56679.79,0,reg,FALSE,BTCUSD,buy,-0.480621128,-0.925778811,-0.78015077,-0.554525855,1,0.308706452,buy, 0.00175 , $-   ,,20,,,,,
20,4/20/2021 22:00,56932.695,57157.855,57256.48,56848.105,0,reg,FALSE,BTCUSD,hold,0.3201338,0.461234839,0.798919863,0.909544685,81,0.412153912,hold, 0.00175 , $-   ,,21,,,,,
21,4/20/2021 22:05,57034.655,56999.255,57190.92,56732.795,0,reg,FALSE,BTCUSD,sell,0.514853293,0.112158428,-0.201068013,-0.575993016,64,0.2974666,hold, 0.00175 , $-   ,,22,14%,86%,0%,,
22,4/20/2021 22:10,57009.65,56904.68,57072.745,56691.87292,0,reg,FALSE,BTCUSD,hold,-0.126319667,-0.369315626,-0.277329055,-0.04392636,29,0.624808346,hold, 0.00175 , $-   ,,23,67%,33%,0%,,
23,4/20/2021 22:15,56904.68,56822.395,57037.075,56569.06584,0,reg,FALSE,BTCUSD,hold,-0.531263157,-0.23324745,0.078375269,0.20488569,6,0.784783148,hold, 0.00175 , $-   ,,24,,,,,
24,4/20/2021 22:20,56822.395,56710.445,56975.145,56406.6417,0,reg,FALSE,BTCUSD,hold,-0.417055283,0.065783736,0.172241963,0.054067216,14,0.180336679,buy, 0.00175 , $-   ,,25,0%,100%,0%,,
25,4/20/2021 22:25,56710.445,56696.03,56816.24,56403.23791,0,reg,FALSE,BTCUSD,hold,-0.568530188,-0.087249545,-0.08814717,-0.14998414,14,0.099469038,buy, 0.00175 , $-   ,,26,70%,30%,0%,,
26,4/20/2021 22:30,56696.03,56591.25,56837.83,56413.358,0,reg,FALSE,BTCUSD,hold,-0.073224175,0.285296264,0.214586386,0.174374528,53,0.896263515,sell, -   , $99.33 ,,27,71%,29%,0%,,
27,4/20/2021 22:35,56591.25,56614.655,56832.83169,56409.53395,0,reg,FALSE,BTCUSD,buy,-0.53323862,-0.26496832,-0.316952401,-0.306166342,1,0.265569403,buy, 0.00176 , $-   ,,28,27%,44%,29%,,
28,4/20/2021 22:40,56751.915,56530.3,56798.995,56335.55612,0,reg,FALSE,BTCUSD,sell,0.815329667,0.776775332,0.600044343,0.528190124,81,0.1066332,hold, 0.00176 , $-   ,,29,23%,40%,37%,,
29,4/20/2021 22:45,56665.3,56309.72,56700.205,56148.65,0,reg,FALSE,BTCUSD,hold,-0.440218617,-0.723195812,-0.86398338,-0.843279969,1,0.137772131,buy, 0.00176 , $-   ,,30,33%,33%,33%,,
30,4/20/2021 22:50,56309.72,56387.88,56564.57,56069.735,0,reg,FALSE,BTCUSD,buy,-1.818638769,-0.793970007,-0.040765936,0.474173247,6,0.068429686,buy, 0.00176 , $-   ,,31,,,,,
31,4/20/2021 22:55,56387.88,56456.97,56676.88674,56234.1,0,reg,FALSE,BTCUSD,hold,0.39920068,1.277475524,1.193152627,0.710737093,81,0.487386424,sell, -   , $98.98 ,,32,40%,40%,20%,,
32,4/20/2021 23:00,56456.97,56426.3,56800.66,56303.84402,0,reg,FALSE,BTCUSD,sell,0.352443994,-0.026931851,-0.751338647,-1.120026972,64,0.498513649,sell, -   , $98.98 ,,33,26%,53%,21%,,
33,4/20/2021 23:05,56426.3,56293.485,56771.17,56274.065,0,reg,FALSE,BTCUSD,buy,-0.15653977,-0.293174648,-0.153355851,0.344438091,33,0.684442507,hold, -   , $98.98 ,,34,,,,,
34,4/20/2021 23:10,56438.13,56315.975,56677.675,56175.385,0,reg,FALSE,BTCUSD,sell,0.060367698,0.124938701,0.240833289,0.227052944,45,0.505501418,hold, -   , $98.98 ,,35,,,,,
35,4/20/2021 23:15,56315.975,56554.08,56692.98,56113.05374,0,reg,FALSE,BTCUSD,buy,-0.624700896,-0.394599511,-0.29925401,-0.311090285,1,0.021019719,buy, 0.00176 , $-   ,,36,60%,30%,10%,,
36,4/20/2021 23:20,56554.08,56535.525,56704.985,56222.65858,0,reg,FALSE,BTCUSD,hold,1.212542757,1.058252345,0.836842669,0.654391688,81,0.201677494,hold, 0.00176 , $-   ,,37,19%,55%,26%,,
37,4/20/2021 23:25,56658.19,56596.875,56781.94,56390.93889,0,reg,FALSE,BTCUSD,sell,0.529202927,-0.393603742,-0.836269105,-0.963712381,55,0.861004334,sell, -   , $99.58 ,,38,0%,60%,40%,,
38,4/20/2021 23:30,56472.6,56518.645,56822.125,56377.85,0,reg,FALSE,BTCUSD,buy,-0.946475283,-0.849990649,-0.262878859,0.330272782,3,0.901624985,hold, -   , $99.58 ,,39,,,,,
39,4/20/2021 23:35,56518.645,56471.02,56740.21,56316.99,0,reg,FALSE,BTCUSD,hold,0.234629829,0.680316543,0.881456942,0.659137421,81,0.07098375,hold, -   , $99.58 ,,40,30%,41%,30%,,
40,4/20/2021 23:40,56592.755,56492.44,56749.17,56312.59501,0,reg,FALSE,BTCUSD,sell,0.377145096,0.082088794,-0.344579184,-0.706196809,64,0.453890889,sell, -   , $99.58 ,,41,27%,50%,23%,,
41,4/20/2021 23:45,56367.705,56258.665,56692.66,56226.305,0,reg,FALSE,BTCUSD,hold,-1.149849899,-0.879549116,-0.553903436,-0.120570769,2,0.161277567,buy, 0.00177 , $-   ,,42,21%,46%,33%,,
42,4/20/2021 23:50,56258.665,56426.895,56591.3,56146.455,0,reg,FALSE,BTCUSD,buy,-0.558198813,0.340791026,0.702915923,0.723927951,27,0.361427895,buy, 0.00177 , $-   ,,43,100%,0%,0%,,
43,4/20/2021 23:55,56426.895,56505.65,56707.725,56272.79,0,reg,FALSE,BTCUSD,sell,0.858637356,0.816097633,0.273776605,-0.247184247,79,0.232229814,hold, 0.00177 , $-   ,,44,29%,57%,14%,,
44,4/21/2021 0:00,56361.355,56723.585,56746.33,56340.935,0,reg,FALSE,BTCUSD,buy,-0.334901814,-0.687478563,-0.866059889,-0.656545821,1,0.555734912,buy, 0.00177 , $-   ,,45,29%,47%,24%,,
45,4/21/2021 0:05,56723.585,56499.03,56777.08,56231.27,0,reg,FALSE,BTCUSD,sell,1.839133406,1.252244288,1.117280363,1.142403986,81,0.800077108,sell, -   , $100.21 ,,46,0%,67%,33%,,
46,4/21/2021 0:10,56363.485,56876.1,56957.87,56342.385,0,reg,FALSE,BTCUSD,buy,-1.839999778,-2.119180712,-1.941940797,-1.762111386,1,0.288004208,buy, 0.00178 , $-   ,,47,,,,,
47,4/21/2021 0:15,56879.965,56659.83,56959.245,56454.8,0,reg,FALSE,BTCUSD,sell,2.615090219,2.566131841,2.698740033,2.673032161,81,0.620321358,sell, -   , $101.12 ,,48,,,,,
48,4/21/2021 0:20,56799.07,56768.095,56989.1,56508.82,0,reg,FALSE,BTCUSD,buy,-0.410178546,-1.742554807,-2.481803506,-2.983993075,1,0.876650009,hold, -   , $101.12 ,,49,19%,38%,44%,,
49,4/21/2021 0:25,56908.115,56710.18,56944,56498.37,0,reg,FALSE,BTCUSD,sell,0.551853809,0.554130637,1.322890817,2.191503932,81,0.702327134,sell, -   , $101.12 ,,50,15%,62%,23%,,
50,4/21/2021 0:30,56710.18,56444.42,56869.2,56282.59,0,reg,FALSE,BTCUSD,hold,-1.00520365,-0.896865095,-0.835773541,-1.243390669,1,0.151838838,buy, 0.00178 , $-   ,,51,,,,,
51,4/21/2021 0:35,56444.42,56456.26,56666.975,56151.29,0,reg,FALSE,BTCUSD,buy,-1.356004368,-0.202061214,0.400207036,0.711924813,9,0.529226351,buy, 0.00178 , $-   ,,52,0%,50%,50%,,
52,4/21/2021 0:40,56456.26,56180.17,56462.03,56050.115,0,reg,FALSE,BTCUSD,sell,0.060399325,0.815848526,0.58631601,0.107198768,53,0.544704124,hold, 0.00178 , $-   ,,53,42%,46%,13%,,
53,4/21/2021 0:45,56180.17,56018.37,56413.765,55864.755,0,reg,FALSE,BTCUSD,hold,-1.415337833,-0.850024604,-0.959542924,-0.890414746,1,0.243550808,buy, 0.00178 , $-   ,,54,25%,44%,31%,,
54,4/21/2021 0:50,55890.41,55763.92,56181.915,55532.95421,0,reg,FALSE,BTCUSD,hold,-1.493116262,-0.044800375,0.463809156,0.819850799,18,0.676810515,hold, 0.00178 , $-   ,,55,0%,30%,70%,,
55,4/21/2021 0:55,55763.92,55705.585,56126.17,55481.945,0,reg,FALSE,BTCUSD,hold,-0.653274016,0.483749133,0.304444517,-0.091794032,26,0.746300618,hold, 0.00178 , $-   ,,56,0%,33%,67%,,
56,4/21/2021 1:00,55705.585,55634.875,55929.74,55392.87,0,reg,FALSE,BTCUSD,hold,-0.301594176,0.202567588,-0.16196057,-0.26864933,22,0.15404669,hold, 0.00178 , $-   ,,57,0%,0%,100%,,
57,4/21/2021 1:05,55634.875,55666.14,55845.77,55263.4,0,reg,FALSE,BTCUSD,buy,-0.366038029,-0.037119659,-0.138059854,0.013766813,14,0.933794254,hold, 0.00178 , $-   ,,58,,,,,
58,4/21/2021 1:10,55666.14,55783.625,56035.41,55511.73085,0,reg,FALSE,BTCUSD,hold,0.161755782,0.304009235,0.196490243,0.192700856,50,0.033852632,buy, 0.00178 , $-   ,,59,0%,0%,100%,,
59,4/21/2021 1:15,55783.625,55814.35,55924.965,55433.15,0,reg,FALSE,BTCUSD,hold,0.606552191,0.256202731,-0.027536546,-0.129039431,77,0.670014445,sell, -   , $99.47 ,,60,0%,25%,75%,,
60,4/21/2021 1:20,55814.35,56004.86,56041.565,55492.765,0,reg,FALSE,BTCUSD,hold,0.158539874,-0.258055095,-0.296212508,-0.154757354,29,0.972471481,sell, -   , $99.47 ,,61,,,,,
61,4/21/2021 1:25,55865.555,55936.545,56109.45,55690.605,0,reg,FALSE,BTCUSD,hold,0.263973749,0.060729912,0.183620164,0.276383619,69,0.234452326,hold, -   , $99.47 ,,62,,,,,
62,4/21/2021 1:30,55936.545,55885.065,56124.735,55729.88,0,reg,FALSE,BTCUSD,hold,0.365505592,0.058482342,-0.0012946,-0.106510904,68,0.867457642,sell, -   , $99.47 ,,63,0%,100%,0%,,
63,4/21/2021 1:35,56025.975,55937.985,56146.995,55705.27,0,reg,FALSE,BTCUSD,hold,0.459712482,0.054263168,-0.002430244,-0.000654131,68,0.995774678,sell, -   , $99.47 ,,64,0%,40%,60%,,
64,4/21/2021 1:40,56081.075,55928.89,56169.125,55673.82,0,reg,FALSE,BTCUSD,sell,0.282961765,-0.101808413,-0.089897231,-0.050380984,68,0.445459456,sell, -   , $99.47 ,,65,0%,33%,67%,,
65,4/21/2021 1:45,55786.405,55959.215,56190.4,55741.285,0,reg,FALSE,BTCUSD,buy,-1.521248055,-1.039224857,-0.539951873,-0.259231474,1,0.857545866,hold, -   , $99.47 ,,66,,,,,
66,4/21/2021 1:50,55959.215,56105.41,56254.1,55761.67,0,reg,FALSE,BTCUSD,hold,0.889384884,1.388524571,1.398383669,1.116481271,81,0.34101189,hold, -   , $99.47 ,,67,0%,38%,63%,,
67,4/21/2021 1:55,56105.41,56144.805,56459.855,55919.675,0,reg,FALSE,BTCUSD,hold,0.750447417,-0.080027981,-0.845886271,-1.292699486,64,0.279920499,hold, -   , $99.47 ,,68,0%,35%,65%,,
68,4/21/2021 2:00,56144.805,56058.7,56288.545,55872.245,0,reg,FALSE,BTCUSD,sell,0.202080317,-0.31585945,-0.135838926,0.40898727,60,0.474170092,sell, -   , $99.47 ,,69,0%,35%,65%,,
69,4/21/2021 2:05,55914.165,56090.585,56258.765,55878.95,0,reg,FALSE,BTCUSD,buy,-1.187969454,-0.800668669,-0.279250111,-0.082604842,2,0.753136355,hold, -   , $99.47 ,,70,,,,,
70,4/21/2021 2:10,56224.22,56042.23,56257.28,55807.38287,0,reg,FALSE,BTCUSD,sell,1.588209492,1.599079071,1.382254697,0.957026768,81,0.816901332,sell, -   , $99.47 ,,71,,,,,
71,4/21/2021 2:15,55899.605,56083.86,56254.915,55814.505,0,reg,FALSE,BTCUSD,buy,-1.672446882,-1.878138073,-2.002877077,-1.949835903,1,0.647552868,hold, -   , $99.47 ,,72,0%,44%,56%,,
72,4/21/2021 2:20,55937.99,56012.3,56254.59,55798.3637,0,reg,FALSE,BTCUSD,hold,0.197627409,1.077162792,1.7022533,2.134155099,54,0.226476064,buy, 0.00178 , $-   ,,73,0%,32%,68%,,
73,4/21/2021 2:25,56153.745,56088.325,56273.945,55836.135,0,reg,FALSE,BTCUSD,sell,1.106559143,0.523544678,-0.318884033,-1.164175103,73,0.323564703,sell, -   , $99.86 ,,74,0%,50%,50%,,
74,4/21/2021 2:30,56088.325,56239.47,56412.715,55893.3025,0,reg,FALSE,BTCUSD,buy,-0.335915897,-0.830865624,-0.780140335,-0.26568363,1,0.574701143,buy, 0.00178 , $-   ,,75,,,,,
75,4/21/2021 2:35,56239.47,56244.31,56471.68,56086.09,0,reg,FALSE,BTCUSD,sell,0.774007293,0.639315757,0.846824474,0.937131729,81,0.467247554,sell, -   , $100.12 ,,76,0%,36%,64%,,
76,4/21/2021 2:40,56119.745,56192.695,56393.03,56038.615,0,reg,FALSE,BTCUSD,buy,-0.614414767,-0.799731107,-0.828890995,-0.965212111,1,0.502838518,buy, 0.00178 , $-   ,,77,0%,38%,62%,,
77,4/21/2021 2:45,56192.695,56248.19,56446.195,56056.49,0,reg,FALSE,BTCUSD,hold,0.373884897,0.569260606,0.788539226,0.931639806,81,0.390047897,hold, 0.00178 , $-   ,,78,0%,64%,36%,,
78,4/21/2021 2:50,56248.19,56314.805,56477.245,56074.49,0,reg,FALSE,BTCUSD,hold,0.284143543,-0.05169102,-0.357668136,-0.660215441,64,0.016853045,hold, 0.00178 , $-   ,,79,0%,48%,52%,,
79,4/21/2021 2:55,56445.36,56218.135,56468.075,56059.615,0,reg,FALSE,BTCUSD,sell,1.006016437,0.415798786,0.269274128,0.361118744,81,0.030748821,hold, 0.00178 , $-   ,,80,0%,36%,64%,,
80,4/21/2021 3:00,56085.215,56154.475,56359.885,55978.515,0,reg,FALSE,BTCUSD,buy,-1.849360123,-1.6446969,-1.186845516,-0.838724916,1,0.633577514,hold, 0.00178 , $-   ,,81,0%,42%,58%,,
81,4/21/2021 3:05,56295.74,56334.2,56408.31913,55971.49656,0,reg,FALSE,BTCUSD,hold,1.077012223,1.685590472,1.918245528,1.788532443,81,0.670804876,sell, -   , $100.44 ,,,,,,,
82,4/21/2021 3:10,56334.2,56152.16,56460.37,55982.935,0,reg,FALSE,BTCUSD,sell,0.19662088,-0.507105413,-1.262992828,-1.832393291,28,0.304384108,hold, -   , $100.44 ,,,,,,,
83,4/21/2021 3:15,56290.155,56094.54,56317.96,55866.39,0,reg,FALSE,BTCUSD,hold,-0.225349531,-0.243054957,0.152093063,0.815089474,6,0.855448447,hold, -   , $100.44 ,,,,,,,
84,4/21/2021 3:20,56094.54,55847.82,56268.135,55691.93985,0,reg,FALSE,BTCUSD,hold,-1.004324484,-0.448689573,-0.118445538,-0.155830234,5,0.753986421,hold, -   , $100.44 ,,,,,,,
85,4/21/2021 3:25,55847.82,55820.31,56088.42,55515.03,0,reg,FALSE,BTCUSD,hold,-1.272303199,-0.15435574,0.169536288,0.165877532,14,0.190451923,buy, 0.00180 , $-   ,,,,,,,
86,4/21/2021 3:30,55680.035,56007.815,56015.855,55537.66,0,reg,FALSE,BTCUSD,buy,-0.867852902,0.232963371,0.223095808,0.030850284,26,0.829131612,hold, 0.00180 , $-   ,,,,,,,
87,4/21/2021 3:35,55864.19,55827.115,56066.89,55656.22,0,reg,FALSE,BTCUSD,sell,0.949385287,1.046729198,0.468729116,0.141484786,80,0.031256403,hold, 0.00180 , $-   ,,,,,,,
88,4/21/2021 3:40,55689.92,55824.625,56018.345,55457.45,0,reg,FALSE,BTCUSD,hold,-0.901235986,-1.065957852,-1.216907739,-0.970926828,1,0.49704104,buy, 0.00180 , $-   ,,,,,,,
89,4/21/2021 3:45,55688.965,55621.715,55999.37,55461.325,0,reg,FALSE,BTCUSD,hold,-0.00493886,0.516267145,0.911361599,1.22588314,54,0.279115414,hold, 0.00180 , $-   ,,,,,,,
90,4/21/2021 3:50,55479.905,55668.23,55810.94,55402.735,0,reg,FALSE,BTCUSD,buy,-1.08524483,-0.622256239,-0.65578947,-0.902679016,1,0.255603677,buy, 0.00180 , $-   ,,,,,,,
91,4/21/2021 3:55,55668.23,55306.48,55686.4,55125.245,0,reg,FALSE,BTCUSD,sell,0.97430078,1.18629827,1.041727396,0.977769714,81,0.163541045,hold, 0.00180 , $-   ,,,,,,,
92,4/21/2021 4:00,55306.48,55331.945,55656.06,55035.27542,0,reg,FALSE,BTCUSD,buy,-1.883757565,-1.646241609,-1.631542972,-1.539803733,1,0.789224757,hold, 0.00180 , $-   ,,,,,,,
93,4/21/2021 4:05,55331.945,55286.995,55570.115,55020.84,0,reg,FALSE,BTCUSD,sell,0.132544048,1.161389728,1.617195648,1.871273443,54,0.487383251,hold, 0.00180 , $-   ,,,,,,,
94,4/21/2021 4:10,55286.995,55169.465,55436.455,54970.99419,0,reg,FALSE,BTCUSD,hold,-0.234152716,-0.211217336,-0.79062167,-1.386902776,1,0.496878187,buy, 0.00180 , $-   ,,,,,,,
95,4/21/2021 4:15,55029.695,55303.31,55571.26,54925.63,0,reg,FALSE,BTCUSD,buy,-1.346589326,-0.640763487,-0.247418583,0.312884978,3,0.123394582,buy, 0.00180 , $-   ,,,,,,,
96,4/21/2021 4:20,55297.635,55289.45,55633.48,55216.225,0,reg,FALSE,BTCUSD,hold,1.395479573,1.579431687,1.278832422,0.879120579,81,0.016934121,hold, 0.00180 , $-   ,,,,,,,
97,4/21/2021 4:25,55427.83,55430.455,55670.815,55256.24,0,reg,FALSE,BTCUSD,sell,0.676486161,-0.414140204,-1.148297408,-1.39802678,55,0.351869847,sell, -   , $99.68 ,,,,,,,
98,4/21/2021 4:30,55296.375,55494.5,55699.84,55279.68,0,reg,FALSE,BTCUSD,buy,-0.684656816,-0.784018356,-0.213049815,0.538702614,3,0.31978997,buy, 0.00180 , $-   ,,,,,,,
99,4/21/2021 4:35,55354.575,55532.22,55728.225,55328.08,0,reg,FALSE,BTCUSD,hold,0.30280424,0.568777569,0.779210453,0.571541915,81,0.025106779,hold, 0.00180 , $-   ,,,,,,,
100,4/21/2021 4:40,55393.865,55527.66,55711.22101,55346.88,0,reg,FALSE,BTCUSD,hold,0.204273885,-0.056753485,-0.360305886,-0.656361411,64,0.70789172,sell, -   , $99.86 ,,,,,,,
101,4/21/2021 4:45,55527.66,55552.54,55703.58,55293.32139,0,reg,FALSE,BTCUSD,hold,0.693941723,0.282048675,0.195150044,0.319942616,78,0.000532753,hold, -   , $99.86 ,,,,,,,
102,4/21/2021 4:50,55695.02,55653.845,55806.92,55411.99,0,reg,FALSE,BTCUSD,sell,0.865421719,0.098772478,-0.105567089,-0.173213069,68,0.41270643,sell, -   , $99.86 ,,,,,,,
103,4/21/2021 4:55,55513.39,55475.94,55823.41446,55330.375,0,reg,FALSE,BTCUSD,hold,-0.942285096,-1.041239127,-0.656646685,-0.317421847,1,0.85578969,hold, -   , $99.86 ,,,,,,,
104,4/21/2021 5:00,55292.29,55298.52,55481.2,55133.975,0,reg,FALSE,BTCUSD,hold,-1.151639766,-0.12058829,0.530294881,0.683678341,18,0.140410484,buy, 0.00181 , $-   ,,,,,,,
105,4/21/2021 5:05,55160.905,55271.82,55479.78,54994.82181,0,reg,FALSE,BTCUSD,hold,-0.685972792,0.268224177,0.223955981,-0.176451207,26,0.052033579,buy, 0.00181 , $-   ,,,,,,,
106,4/21/2021 5:10,55134.155,55742.985,55903.535,55123.57,0,reg,FALSE,BTCUSD,buy,-0.139731896,0.314634756,0.026732494,-0.113600729,50,0.54786874,hold, 0.00181 , $-   ,,,,,,,
107,4/21/2021 5:15,55742.985,55611.105,55895.39,55417.95,0,reg,FALSE,BTCUSD,hold,3.145562445,1.892329542,0.908752197,0.50804335,81,0.845986799,sell, -   , $100.67 ,,,,,,,
108,4/21/2021 5:20,55753.995,55468.745,55765.995,55233.71,0,reg,FALSE,BTCUSD,sell,0.056872696,-1.779085297,-2.114734949,-1.741528598,28,0.787004172,sell, -   , $100.67 ,,,,,,,
109,4/21/2021 5:25,55468.745,55517.715,55774.395,55327.435,0,reg,FALSE,BTCUSD,buy,-1.481050273,-0.885843629,0.5145072,1.514443476,9,0.419292135,buy, 0.00181 , $-   ,,,,,,,
110,4/21/2021 5:30,55517.715,55444.135,55794.365,55170.13,0,reg,FALSE,BTCUSD,sell,0.25403351,0.99940826,1.085905089,0.329125184,81,0.706600478,sell, -   , $100.76 ,,,,,,,
111,4/21/2021 5:35,55314.12,55340.735,55556.71,55140.045,0,reg,FALSE,BTCUSD,buy,-1.060043257,-0.756908217,-1.011638289,-1.208184985,1,0.254339117,buy, 0.00182 , $-   ,,,,,,,
112,4/21/2021 5:40,55340.735,55315.86,55585.39,55141.39,0,reg,FALSE,BTCUSD,sell,0.138507738,0.690365374,0.833629589,1.062874299,54,0.845929878,sell, -   , $100.81 ,,,,,,,
113,4/21/2021 5:45,55315.86,55217.86,55484.195,55037.31,0,reg,FALSE,BTCUSD,hold,-0.129510777,-0.154378664,-0.486572565,-0.76043644,37,0.865450736,sell, -   , $100.81 ,,,,,,,
114,4/21/2021 5:50,55217.86,55298.785,55449.58,54979.39,0,reg,FALSE,BTCUSD,buy,-0.511138969,-0.219817839,-0.037692965,0.25855465,6,0.874261215,hold, -   , $100.81 ,,,,,,,
115,4/21/2021 5:55,55298.785,55457.345,55629.925,55086.815,0,reg,FALSE,BTCUSD,hold,0.421463147,0.537178818,0.436030074,0.27286447,81,0.636734228,sell, -   , $100.81 ,,,,,,,
116,4/21/2021 6:00,55457.345,55231.185,55598.45,55069.945,0,reg,FALSE,BTCUSD,sell,0.823430693,0.231533307,-0.176051815,-0.352559168,76,0.347573932,hold, -   , $100.81 ,,,,,,,
117,4/21/2021 6:05,55368.615,55441.775,55587.895,55059.83,0,reg,FALSE,BTCUSD,buy,-0.461529334,-0.740136977,-0.559682084,-0.220971035,1,0.834127297,hold, -   , $100.81 ,,,,,,,
118,4/21/2021 6:10,55580.43,55666.95,55839.4,55300.315,0,reg,FALSE,BTCUSD,hold,1.097557538,0.898034038,0.943586503,0.865882705,81,0.011466605,hold, -   , $100.81 ,,,,,,,
119,4/21/2021 6:15,55666.95,55680.75,55845.835,55408.64,0,reg,FALSE,BTCUSD,hold,0.447622153,-0.374362782,-0.732900569,-0.965656554,55,0.145211414,hold, -   , $100.81 ,,,,,,,
120,4/21/2021 6:20,55826.805,55743.755,55958.815,55486.025,0,reg,FALSE,BTCUSD,hold,0.824661915,0.217174903,0.340725706,0.618408734,81,0.56466371,sell, -   , $100.81 ,,,,,,,
121,4/21/2021 6:25,55875.52,55841.005,56030.1138,55598.185,0,reg,FALSE,BTCUSD,sell,0.251092429,-0.330376025,-0.315389335,-0.377922264,55,0.489042629,sell, -   , $100.81 ,,,,,,,
122,4/21/2021 6:30,55841.005,55810.55,55991.66,55564.03,0,reg,FALSE,BTCUSD,hold,-0.178011123,-0.247163645,0.047930331,0.209272127,33,0.336762746,hold, -   , $100.81 ,,,,,,,
123,4/21/2021 6:35,55810.55,55713.275,55972.62,55561.27,0,reg,FALSE,BTCUSD,hold,-0.157157383,0.012011754,0.14928503,0.058380307,41,0.927938117,sell, -   , $100.81 ,,,,,,,
124,4/21/2021 6:40,55713.275,55791.645,55974.555,55507.185,0,reg,FALSE,BTCUSD,buy,-0.502846045,-0.199116669,-0.121609971,-0.15603552,14,0.08210075,buy, 0.00181 , $-   ,,,,,,,
125,4/21/2021 6:45,55930.285,55700.585,55947.395,55547.62,0,reg,FALSE,BTCUSD,sell,1.117442546,0.933286229,0.65226407,0.445751448,81,0.993317714,sell, -   , $101.20 ,,,,,,,
126,4/21/2021 6:50,55700.585,55711.91,55926.315,55536.6,0,reg,FALSE,BTCUSD,buy,-1.187664368,-1.327741583,-1.302352021,-1.125858869,1,0.739506618,hold, -   , $101.20 ,,,,,,,
127,4/21/2021 6:55,55711.91,55603.58,55881.765,55436.835,0,reg,FALSE,BTCUSD,sell,0.058544035,0.717816039,1.178241189,1.428821687,54,0.691368142,sell, -   , $101.20 ,,,,,,,
128,4/21/2021 7:00,55603.58,55427.935,55770.255,55277.86,0,reg,FALSE,BTCUSD,hold,-0.561097685,-0.356913631,-0.619044291,-1.035236437,1,0.518845891,buy, 0.00182 , $-   ,,,,,,,
129,4/21/2021 7:05,55568.44,55337.17,55605.445,55161.415,0,reg,FALSE,BTCUSD,hold,-0.182123522,0.218289118,0.331316783,0.547407978,54,0.858428043,sell, -   , $101.14 ,,,,,,,
130,4/21/2021 7:10,55478.945,55450.735,55621.575,55123.74,0,reg,FALSE,BTCUSD,buy,-0.464582735,-0.162696507,-0.21944772,-0.317240354,10,0.300083986,buy, 0.00182 , $-   ,,,,,,,
131,4/21/2021 7:15,55590.755,55648.285,55795.93,55280.015,0,reg,FALSE,BTCUSD,sell,0.579256028,0.601251127,0.440033837,0.379861377,81,0.397205217,hold, 0.00182 , $-   ,,,,,,,
132,4/21/2021 7:20,55508.075,55767.375,55914.46,55458.71,0,reg,FALSE,BTCUSD,buy,-0.428979748,-0.580743808,-0.680829083,-0.645617043,1,0.168400419,buy, 0.00182 , $-   ,,,,,,,
133,4/21/2021 7:25,55906.865,55382.86,55915.995,55165.03,0,reg,FALSE,BTCUSD,sell,2.054336616,1.430390224,1.158413201,1.059403554,81,0.205678006,hold, 0.00182 , $-   ,,,,,,,
134,4/21/2021 7:30,55517.795,55516.805,55676.405,55327.11,0,reg,FALSE,BTCUSD,hold,-2.018310707,-2.345844861,-2.175111411,-1.920110178,1,0.753901326,hold, 0.00182 , $-   ,,,,,,,
135,4/21/2021 7:35,55516.805,55277.035,55683.895,55120.795,0,reg,FALSE,BTCUSD,hold,-0.005135742,1.159588781,2.019129779,2.415882928,54,0.390357145,hold, 0.00182 , $-   ,,,,,,,
136,4/21/2021 7:40,55133.965,55336.03,55571.97,55095.55,0,reg,FALSE,BTCUSD,buy,-1.99981844,-1.148937233,-1.329710982,-1.928932277,1,0.539697364,buy, 0.00182 , $-   ,,,,,,,
137,4/21/2021 7:45,55336.03,55435.43,55639.745,55187.45,0,reg,FALSE,BTCUSD,hold,1.051660556,1.757651903,1.674195344,1.730250045,81,0.590203203,sell, -   , $100.88 ,,,,,,,
138,4/21/2021 7:50,55435.43,55398.395,55633.02,55243.52,0,reg,FALSE,BTCUSD,sell,0.516406204,-0.308306506,-1.189992042,-1.649771932,55,0.68068817,sell, -   , $100.88 ,,,,,,,
139,4/21/2021 7:55,55398.395,55368.235,55556.425,55083.265,0,reg,FALSE,BTCUSD,hold,-0.192534098,-0.408349614,-0.05762483,0.652243515,33,0.860341771,sell, -   , $100.88 ,,,,,,,
140,4/21/2021 8:00,55366.715,55244.47,55660.295,54960.455,0,reg,FALSE,BTCUSD,hold,-0.16478926,0.015981027,0.244414449,0.173974625,44,0.034015881,buy, 0.00182 , $-   ,,,,,,,
141,4/21/2021 8:05,55112.905,55090.69,55288.275,54709,0,reg,FALSE,BTCUSD,hold,-1.326318765,-0.669040995,-0.394572685,-0.368056589,1,0.294257787,buy, 0.00182 , $-   ,,,,,,,
142,4/21/2021 8:10,55090.69,55285.09,55534.935,54950.02,0,reg,FALSE,BTCUSD,buy,-0.116134323,0.697066237,0.786877765,0.680515458,54,0.870249128,sell, -   , $100.38 ,,,,,,,
143,4/21/2021 8:15,55143.995,55181.065,55423.155,54885.795,0,reg,FALSE,BTCUSD,hold,0.278395499,0.227249178,-0.270614627,-0.609115618,73,0.47202746,sell, -   , $100.38 ,,,,,,,
144,4/21/2021 8:20,55321.055,55248.4,55558.955,55028.01,0,reg,FALSE,BTCUSD,sell,0.921769841,0.370583621,0.082560639,0.203428953,78,0.639868574,sell, -   , $100.38 ,,,,,,,
145,4/21/2021 8:25,55113.48,55282.445,55493.55,55087.615,0,reg,FALSE,BTCUSD,buy,-1.084700148,-1.155726712,-0.879154751,-0.553948064,1,0.769181392,hold, -   , $100.38 ,,,,,,,
146,4/21/2021 8:30,55139.495,55311.59,55466.665,55053.605,0,reg,FALSE,BTCUSD,hold,0.135879373,0.703053805,1.070657579,1.123091903,54,0.8133271,sell, -   , $100.38 ,,,,,,,
147,4/21/2021 8:35,55311.59,55472.82,55735.46,55172.35,0,reg,FALSE,BTCUSD,hold,0.896075487,0.437872961,-0.152744166,-0.704679404,76,0.51668008,sell, -   , $100.38 ,,,,,,,
148,4/21/2021 8:40,55333.585,55517.375,55673.79,55250.365,0,reg,FALSE,BTCUSD,hold,0.114479479,-0.450199301,-0.511529623,-0.206660424,28,0.327512513,hold, -   , $100.38 ,,,,,,,
149,4/21/2021 8:45,55657.74,55462.145,55668.18,55227.4761,0,reg,FALSE,BTCUSD,sell,1.677334363,0.900204412,0.777832538,0.742672604,81,0.287835298,hold, -   , $100.38 ,,,,,,,
150,4/21/2021 8:50,55604.085,55622.32,55890.78,55322.005,0,reg,FALSE,BTCUSD,buy,-0.277904762,-1.126217737,-1.167219159,-1.120349778,1,0.465255208,buy, 0.00181 , $-   ,,,,,,,
151,4/21/2021 8:55,55622.32,55511.145,55776.91,55344.575,0,reg,FALSE,BTCUSD,hold,0.094416774,0.214457204,0.772228765,1.117122003,54,0.185027043,buy, 0.00181 , $-   ,,,,,,,
152,4/21/2021 9:00,55652.475,55429.04,55658.26,55203.165,0,reg,FALSE,BTCUSD,sell,0.156051281,0.035501476,-0.103078499,-0.504176985,40,0.190365033,buy, 0.00181 , $-   ,,,,,,,
153,4/21/2021 9:05,55288.85,55603.1,55771.215,55204.56,0,reg,FALSE,BTCUSD,buy,-1.894125128,-1.180901613,-0.70064818,-0.344200136,1,0.211335411,buy, 0.00181 , $-   ,,,,,,,
154,4/21/2021 9:10,55603.1,55643.18,55833.685,55363.045,0,reg,FALSE,BTCUSD,hold,1.62767903,2.028559193,1.848649422,1.468395417,81,0.73094112,sell, -   , $100.37 ,,,,,,,
155,4/21/2021 9:15,55643.18,55628.475,55891.795,55375.545,0,reg,FALSE,BTCUSD,hold,0.207447526,-0.818053347,-1.639648825,-2.009259792,55,0.951207647,sell, -   , $100.37 ,,,,,,,
156,4/21/2021 9:20,55769.705,55795.17,55980.295,55477.125,0,reg,FALSE,BTCUSD,sell,0.653386995,0.256861134,0.619150741,1.301068548,81,0.732033409,sell, -   , $100.37 ,,,,,,,
157,4/21/2021 9:25,55651.06,55686.03,55944.03,55477.1,0,reg,FALSE,BTCUSD,buy,-0.614000165,-0.730015005,-0.568440657,-0.684052645,1,0.216097024,buy, 0.00180 , $-   ,,,,,,,
158,4/21/2021 9:30,55686.03,55639.475,55886.33,55481.59,0,reg,FALSE,BTCUSD,sell,0.180859723,0.457839295,0.684204076,0.721523365,54,0.018510792,buy, 0.00180 , $-   ,,,,,,,
159,4/21/2021 9:35,55639.475,55600.805,55817.73,55411.54,0,reg,FALSE,BTCUSD,hold,-0.240977112,-0.242978018,-0.403670773,-0.626615913,1,0.712178208,hold, 0.00180 , $-   ,,,,,,,
160,4/21/2021 9:40,55461.46,55614.17,55822.58,55374.395,0,reg,FALSE,BTCUSD,buy,-0.924395426,-0.393648948,-0.086786456,0.182525366,5,0.83807623,hold, 0.00180 , $-   ,,,,,,,
161,4/21/2021 9:45,55472.705,55757.1,55910.575,55453.655,0,reg,FALSE,BTCUSD,hold,0.058381144,0.566079305,0.552803474,0.3684038,54,0.86121118,sell, -   , $100.05 ,,,,,,,
162,4/21/2021 9:50,55617.78,55655.415,55920.56,55504.085,0,reg,FALSE,BTCUSD,hold,0.751227396,0.399079441,-0.096191922,-0.373821348,76,0.807887403,sell, -   , $100.05 ,,,,,,,
163,4/21/2021 9:55,55655.415,55637.59,55901.455,55457.12,0,reg,FALSE,BTCUSD,sell,0.194749783,-0.320531105,-0.414495674,-0.183342961,29,0.405215681,hold, -   , $100.05 ,,,,,,,
164,4/21/2021 10:00,55637.59,55526.21,55821.14,55305.73,0,reg,FALSE,BTCUSD,hold,-0.092268554,-0.165322562,0.08940012,0.290243978,42,0.343201535,hold, -   , $100.05 ,,,,,,,
165,4/21/2021 10:05,55387.785,55397.825,55699.06,55160.78706,0,reg,FALSE,BTCUSD,buy,-1.298911663,-0.69502643,-0.305109427,-0.227237499,1,0.244189754,buy, 0.00181 , $-   ,,,,,,,
166,4/21/2021 10:10,55532.085,55390.105,55598.93,55192.435,0,reg,FALSE,BTCUSD,sell,0.748367363,1.17923272,1.079573271,0.797577235,81,0.793546027,sell, -   , $100.31 ,,,,,,,
167,4/21/2021 10:15,55390.105,55438.495,55631.64,55171.465,0,reg,FALSE,BTCUSD,buy,-0.738222828,-0.856275949,-1.172452992,-1.297167126,1,0.043419996,buy, 0.00181 , $-   ,,,,,,,
168,4/21/2021 10:20,55577.485,55552.67,55707.685,55230.795,0,reg,FALSE,BTCUSD,sell,0.97099464,0.984509263,1.060292283,1.28606128,81,0.695461858,sell, -   , $100.65 ,,,,,,,
169,4/21/2021 10:25,55552.67,55242.98,55703.255,55090.69,0,reg,FALSE,BTCUSD,hold,-0.128647642,-0.633393954,-0.931912251,-1.147509811,28,0.211273995,buy, 0.00181 , $-   ,,,,,,,
170,4/21/2021 10:30,55242.98,55189.26,55447.53,55037.905,0,reg,FALSE,BTCUSD,hold,-1.614516814,-0.855860644,-0.128140814,0.462972349,6,0.655730886,hold, 0.00181 , $-   ,,,,,,,
171,4/21/2021 10:35,55189.26,55205.055,55364.335,54928.695,0,reg,FALSE,BTCUSD,buy,-0.280332804,0.768489991,0.935625966,0.612729666,27,0.144712076,buy, 0.00181 , $-   ,,,,,,,
172,4/21/2021 10:40,55205.055,55204.31,55428.685,54908.89,0,reg,FALSE,BTCUSD,sell,0.08240115,0.208934757,-0.322303814,-0.724567553,46,0.087802825,hold, 0.00181 , $-   ,,,,,,,
173,4/21/2021 10:45,55204.31,55062.35,55360.555,54770.94,0,reg,FALSE,BTCUSD,hold,-0.003886653,-0.049701774,-0.148974642,0.099837603,41,0.867493238,sell, -   , $100.02 ,,,,,,,
174,4/21/2021 10:50,54935.89,55081.065,55229.27,54676.94668,0,reg,FALSE,BTCUSD,buy,-1.407184992,-0.808299842,-0.436952486,-0.165875238,2,0.008950741,buy, 0.00182 , $-   ,,,,,,,
175,4/21/2021 10:55,55096,54992.56,55185.015,54790.745,0,reg,FALSE,BTCUSD,hold,0.836933353,1.292612168,1.210125319,0.948716817,81,0.455963527,sell, -   , $100.31 ,,,,,,,
176,4/21/2021 11:00,55120.54,55046.61,55264.095,54724.3,0,reg,FALSE,BTCUSD,sell,0.128219353,-0.408219264,-0.979678903,-1.261327231,28,0.42055869,hold, -   , $100.31 ,,,,,,,
177,4/21/2021 11:05,55046.61,55123.64,55405.375,54910.555,0,reg,FALSE,BTCUSD,hold,-0.386796571,-0.296649173,0.064264372,0.601311327,6,0.408509411,buy, 0.00182 , $-   ,,,,,,,
178,4/21/2021 11:10,54978.18,55178.105,55338.855,54886.975,0,reg,FALSE,BTCUSD,buy,-0.358466577,0.016318077,0.180269136,0.066818744,14,0.48408238,buy, 0.00182 , $-   ,,,,,,,
179,4/21/2021 11:15,55322.94,55042.49,55429.92,54888.355,0,reg,FALSE,BTCUSD,sell,1.794750606,1.240253098,0.704986573,0.302237244,81,0.835066557,sell, -   , $100.82 ,,,,,,,
180,4/21/2021 11:20,55180.475,54980.52,55206.335,54695.40472,0,reg,FALSE,BTCUSD,hold,-0.74355866,-1.462066138,-1.556535882,-1.302636935,1,0.904550782,hold, -   , $100.82 ,,,,,,,
181,4/21/2021 11:25,54842.39,54616.8,55190.475,54408.92975,0,reg,FALSE,BTCUSD,hold,-1.775423717,-0.594354272,0.499802034,1.184450638,9,0.379906148,buy, 0.00184 , $-   ,,,,,,,
182,4/21/2021 11:30,54740.37,54682.295,54916.705,54393.25183,0,reg,FALSE,BTCUSD,buy,-0.53674756,0.713477467,0.753311082,0.146021212,26,0.333338377,buy, 0.00184 , $-   ,,,,,,,
183,4/21/2021 11:35,54819.655,54801.965,54996.565,54340.55266,0,reg,FALSE,BTCUSD,sell,0.416530895,0.54908839,-0.094688108,-0.488447533,76,0.502455794,sell, -   , $100.77 ,,,,,,,
184,4/21/2021 11:40,54669.155,54898.77,55023.605,54577.5722,0,reg,FALSE,BTCUSD,buy,-0.792841961,-0.696598766,-0.717515802,-0.358748752,1,0.75958131,hold, -   , $100.77 ,,,,,,,
185,4/21/2021 11:45,54761.705,54482.575,54958.36,54319.91856,0,reg,FALSE,BTCUSD,sell,0.486734297,0.737035923,0.82577358,0.888934683,81,0.812710803,sell, -   , $100.77 ,,,,,,,
186,4/21/2021 11:50,54482.575,54568.46,54824.835,54252.88,0,reg,FALSE,BTCUSD,buy,-1.475507354,-1.130251192,-1.075557379,-1.095166634,1,0.115824309,buy, 0.00185 , $-   ,,,,,,,
187,4/21/2021 11:55,54568.46,54629.435,54911.555,54371.275,0,reg,FALSE,BTCUSD,sell,0.45328162,1.110982448,1.290950575,1.36310858,81,0.819532891,sell, -   , $100.93 ,,,,,,,
188,4/21/2021 12:00,54494.645,54571.505,54931.105,54388.345,0,reg,FALSE,BTCUSD,hold,-0.390106588,-0.485791608,-0.919741857,-1.273358842,1,0.666277158,hold, -   , $100.93 ,,,,,,,
189,4/21/2021 12:05,54443.935,54404.595,54691.52,54197.89888,0,reg,FALSE,BTCUSD,hold,-0.268248061,0.070190511,0.320245701,0.714232834,18,0.219483211,buy, 0.00185 , $-   ,,,,,,,
190,4/21/2021 12:10,54404.595,54888.025,55068.43,54270.025,0,reg,FALSE,BTCUSD,buy,-0.208252998,0.034557157,-0.020524812,-0.196283816,14,0.706723102,buy, 0.00185 , $-   ,,,,,,,
191,4/21/2021 12:15,55015.585,54873.31,55068.98,54614.715,0,reg,FALSE,BTCUSD,sell,3.198459494,1.962266397,1.110360523,0.651389954,81,0.430392829,sell, -   , $101.99 ,,,,,,,
192,4/21/2021 12:20,55009.295,55075.645,55364.415,54676.39,0,reg,FALSE,BTCUSD,buy,-0.032931162,-1.861281016,-2.202363307,-1.908128924,28,0.101092495,buy, 0.00185 , $-   ,,,,,,,
193,4/21/2021 12:25,55056.04,55357.53,55529.59,54985.70608,0,reg,FALSE,BTCUSD,hold,0.24452467,0.159814559,1.164151052,1.939112273,72,0.317276777,hold, 0.00185 , $-   ,,,,,,,
194,4/21/2021 12:30,55357.53,55307.29,55624.955,55141.74,0,reg,FALSE,BTCUSD,sell,1.568515067,0.762618468,0.347215051,-0.470555136,79,0.884911391,sell, -   , $102.64 ,,,,,,,
195,4/21/2021 12:35,55173.38,55336.09,55508.955,55069.775,0,reg,FALSE,BTCUSD,buy,-0.961246167,-1.457142472,-1.278582303,-0.936459277,1,0.477413237,buy, 0.00186 , $-   ,,,,,,,
196,4/21/2021 12:40,55336.09,55502.435,55682.46,55137.755,0,reg,FALSE,BTCUSD,hold,0.846833955,1.041454149,1.439191652,1.565437796,81,0.523627581,sell, -   , $102.94 ,,,,,,,
197,4/21/2021 12:45,55368.22,55674.39,55770.295,55226.745,0,reg,FALSE,BTCUSD,hold,0.167125474,-0.391512085,-0.825388552,-1.304398199,28,0.642304462,hold, -   , $102.94 ,,,,,,,
198,4/21/2021 12:50,55674.39,55472.11,55787.395,55331.075,0,reg,FALSE,BTCUSD,sell,1.583797507,0.816003092,0.695528743,0.876048362,81,0.020470294,hold, -   , $102.94 ,,,,,,,
199,4/21/2021 12:55,55472.11,55515.335,55789.11,55329.51,0,reg,FALSE,BTCUSD,buy,-1.050196936,-1.517180797,-1.343913918,-1.174718971,1,0.404047763,buy, 0.00186 , $-   ,,,,,,,
200,4/21/2021 13:00,55515.335,55548.215,55722.095,55219.62107,0,reg,FALSE,BTCUSD,hold,0.224240744,0.734076104,1.296723976,1.521007429,81,0.887279528,sell, -   , $103.02 ,,,,,,,
201,4/21/2021 13:05,55673.13,55564.145,55736,55291.23,0,reg,FALSE,BTCUSD,sell,0.816281749,0.341015619,-0.226402839,-0.877321045,73,0.09024701,hold, -   , $103.02 ,,,,,,,
202,4/21/2021 13:10,55564.145,55422.575,55704.545,55214.73,0,reg,FALSE,BTCUSD,hold,-0.564890903,-0.795555448,-0.654664935,-0.246678968,1,0.532987431,buy, 0.00185 , $-   ,,,,,,,
203,4/21/2021 13:15,55284.06,55482.06,55709.6,54890.915,0,reg,FALSE,BTCUSD,buy,-1.4590911,-0.515059313,0.161565774,0.470148888,6,0.227407151,buy, 0.00185 , $-   ,,,,,,,
204,4/21/2021 13:20,55341.465,55495.855,55690.475,55275.38607,0,reg,FALSE,BTCUSD,hold,0.298738749,1.012509994,0.879879921,0.413748949,81,0.09802478,hold, 0.00185 , $-   ,,,,,,,
205,4/21/2021 13:25,55495.855,55385.89,55676.495,55306.45283,0,reg,FALSE,BTCUSD,sell,0.801218757,0.289428484,-0.416494949,-0.746711925,73,0.057034441,hold, 0.00185 , $-   ,,,,,,,
206,4/21/2021 13:30,55385.89,55633.815,55904.47,55358.365,0,reg,FALSE,BTCUSD,buy,-0.571804841,-0.790861593,-0.622247085,-0.11851323,2,0.95148359,hold, 0.00185 , $-   ,,,,,,,
207,4/21/2021 13:35,55633.815,55586.64,55811.22,55412.68658,0,reg,FALSE,BTCUSD,sell,1.283435264,1.068618302,1.07106042,0.975345124,81,0.031275006,hold, 0.00185 , $-   ,,,,,,,
208,4/21/2021 13:40,55462.69,55662.12,55848.81,55392.73146,0,reg,FALSE,BTCUSD,buy,-0.888597361,-1.251090791,-1.336152436,-1.386554603,1,0.799394723,hold, 0.00185 , $-   ,,,,,,,
209,4/21/2021 13:45,55662.12,55588.22,55799.98,55411.725,0,reg,FALSE,BTCUSD,sell,1.031865837,1.106186803,1.357791895,1.551711936,81,0.155883722,hold, 0.00185 , $-   ,,,,,,,
210,4/21/2021 13:50,55463.965,55530.69,55738.19679,55312.00054,0,reg,FALSE,BTCUSD,buy,-1.028931847,-1.187019465,-1.320886809,-1.542918931,1,0.80813114,hold, 0.00185 , $-   ,,,,,,,
211,4/21/2021 13:55,55652.255,55660.555,55803.99,55360.04216,0,reg,FALSE,BTCUSD,hold,0.974399331,1.15391876,1.348380418,1.537497924,81,0.655674358,sell, -   , $103.19 ,,,,,,,
212,4/21/2021 14:00,55786.85,55523.58,55856.57078,55390.23,0,reg,FALSE,BTCUSD,sell,0.69484762,-0.161021785,-0.757405753,-1.212932833,64,0.953981334,sell, -   , $103.19 ,,,,,,,
213,4/21/2021 14:05,55642.97,55551.79,55729.665,55382.985,0,reg,FALSE,BTCUSD,hold,-0.744702162,-0.829180675,-0.384859521,0.21458663,3,0.071843782,buy, 0.00185 , $-   ,,,,,,,
214,4/21/2021 14:10,55551.79,55495.21,55685.57,55292.96,0,reg,FALSE,BTCUSD,hold,-0.47270916,0.156667969,0.567848818,0.548760003,18,0.549820732,buy, 0.00185 , $-   ,,,,,,,
215,4/21/2021 14:15,55495.21,55381.59,55663.715,55173.02056,0,reg,FALSE,BTCUSD,hold,-0.293629667,0.103149788,-0.030826472,-0.344836968,13,0.001062925,buy, 0.00185 , $-   ,,,,,,,
216,4/21/2021 14:20,55381.59,55479.895,55635.875,55148.72,0,reg,FALSE,BTCUSD,buy,-0.590856276,-0.171202527,-0.158026934,-0.073267466,14,0.823374806,hold, 0.00185 , $-   ,,,,,,,
217,4/21/2021 14:25,55479.895,55649.815,55845.56,55325.295,0,reg,FALSE,BTCUSD,hold,0.510308103,0.634270682,0.463952568,0.358260192,81,0.896392393,sell, -   , $102.88 ,,,,,,,
218,4/21/2021 14:30,55649.815,56006.01,56260.05,55502.17,0,reg,FALSE,BTCUSD,hold,0.879373275,0.212581539,-0.242892946,-0.407143016,73,0.440907894,sell, -   , $102.88 ,,,,,,,
219,4/21/2021 14:35,56130.085,56464.97,56530.91,55853.66,0,reg,FALSE,BTCUSD,hold,2.46423571,0.912880762,0.403372352,0.372248811,81,0.486885227,sell, -   , $102.88 ,,,,,,,
220,4/21/2021 14:40,56342.405,56245.82,56511.62,56041.89916,0,reg,FALSE,BTCUSD,sell,1.085295526,-0.794269547,-0.983318578,-0.798733976,55,0.205601475,hold, -   , $102.88 ,,,,,,,
221,4/21/2021 14:45,56245.82,56386.815,56443.115,56032.03755,0,reg,FALSE,BTCUSD,buy,-0.49455195,-0.909992145,-0.066656217,0.52799752,6,0.927731002,hold, -   , $102.88 ,,,,,,,
222,4/21/2021 14:50,56386.815,56205.85,56396.415,55997.39176,0,reg,FALSE,BTCUSD,sell,0.720142821,0.699664189,0.927162049,0.572439322,81,0.226988403,hold, -   , $102.88 ,,,,,,,
223,4/21/2021 14:55,56205.85,56231.68,56406.72,55992.07997,0,reg,FALSE,BTCUSD,buy,-0.927268602,-0.948908979,-0.949578143,-1.08100235,1,0.004521484,buy, 0.00183 , $-   ,,,,,,,
224,4/21/2021 15:00,56231.68,56332.76,56564.9,56085.205,0,reg,FALSE,BTCUSD,hold,0.132292686,0.610307303,0.898108579,1.064267553,54,0.595752443,hold, 0.00183 , $-   ,,,,,,,
225,4/21/2021 15:05,56332.76,56158.2,56565.285,55928.72289,0,reg,FALSE,BTCUSD,sell,0.516769284,0.22145852,-0.223976899,-0.646321236,73,0.116267913,hold, 0.00183 , $-   ,,,,,,,
226,4/21/2021 15:10,56158.2,56281.175,56485.315,56028.2,0,reg,FALSE,BTCUSD,buy,-0.895208179,-0.813299017,-0.596020341,-0.214297022,1,0.595806734,buy, 0.00183 , $-   ,,,,,,,
227,4/21/2021 15:15,56281.175,56214.41,56441.265,56006.43394,0,reg,FALSE,BTCUSD,sell,0.629283238,0.878107057,0.9742499,0.904475659,81,0.486842926,sell, -   , $103.02 ,,,,,,,
228,4/21/2021 15:20,56214.41,56312.08,56381.4,55982.28389,0,reg,FALSE,BTCUSD,buy,-0.34205322,-0.559489799,-0.828055788,-1.038128075,1,0.888331493,hold, -   , $103.02 ,,,,,,,
229,4/21/2021 15:25,56312.08,55948.015,56372.735,55857.025,0,reg,FALSE,BTCUSD,sell,0.499519109,0.484745662,0.601479626,0.8234124,81,0.656062141,sell, -   , $103.02 ,,,,,,,
230,4/21/2021 15:30,55948.015,56128.92,56326.195,55849.04,0,reg,FALSE,BTCUSD,buy,-1.874073993,-1.367189625,-1.066714724,-0.960879945,1,0.178462327,buy, 0.00184 , $-   ,,,,,,,
231,4/21/2021 15:35,56255.6,56002.165,56289.705,55808.92253,0,reg,FALSE,BTCUSD,sell,1.574678433,1.9864814,1.931714512,1.727095242,81,0.127689747,hold, 0.00184 , $-   ,,,,,,,
232,4/21/2021 15:40,56125.57,56041.07,56274.14,55824.83116,0,reg,FALSE,BTCUSD,hold,-0.66722957,-1.291339009,-1.888024553,-2.200169699,1,0.523451621,buy, 0.00184 , $-   ,,,,,,,
233,4/21/2021 15:45,56041.07,55969.42,56214.855,55757.125,0,reg,FALSE,BTCUSD,hold,-0.434252951,0.134194533,0.821107321,1.560459961,18,0.434965899,buy, 0.00184 , $-   ,,,,,,,
234,4/21/2021 15:50,55969.42,56127.46,56284.4,55912.64822,0,reg,FALSE,BTCUSD,buy,-0.368687044,0.037765962,-0.055542857,-0.504950503,13,0.311135865,buy, 0.00184 , $-   ,,,,,,,
235,4/21/2021 15:55,56253.505,56088.63,56415.74,55968.175,0,reg,FALSE,BTCUSD,sell,1.454424571,1.050112289,0.583111484,0.3678649,81,0.717997562,sell, -   , $103.58 ,,,,,,,
236,4/21/2021 16:00,56211.325,56281.85,56523.7,56080.815,0,reg,FALSE,BTCUSD,buy,-0.216110188,-0.962228022,-1.159108021,-1.003518435,1,0.73593807,hold, -   , $103.58 ,,,,,,,
237,4/21/2021 16:05,56281.85,56383.555,56478.635,56004.28,0,reg,FALSE,BTCUSD,sell,0.360883659,0.332348456,0.74567605,1.097155624,81,0.561576792,sell, -   , $103.58 ,,,,,,,
238,4/21/2021 16:10,56256.145,56286.395,56494.525,56101.83,0,reg,FALSE,BTCUSD,buy,-0.131595224,-0.283667837,-0.354825385,-0.633888827,28,0.15007621,buy, 0.00184 , $-   ,,,,,,,
239,4/21/2021 16:15,56286.395,56112.565,56472.88396,55969.325,0,reg,FALSE,BTCUSD,sell,0.154779854,0.164952045,0.258405052,0.353220731,45,0.272966622,buy, 0.00184 , $-   ,,,,,,,
240,4/21/2021 16:20,56112.565,56142.705,56342.9,55957.285,0,reg,FALSE,BTCUSD,buy,-0.892189477,-0.603054335,-0.442371675,-0.403647395,1,0.624288112,hold, 0.00184 , $-   ,,,,,,,
241,4/21/2021 16:25,56142.705,56076.45,56295.545,55882.88387,0,reg,FALSE,BTCUSD,sell,0.154611717,0.602957487,0.694662809,0.654931862,54,0.114310894,buy, 0.00184 , $-   ,,,,,,,
242,4/21/2021 16:30,56076.45,55748.535,56221.94,55619.36424,0,reg,FALSE,BTCUSD,hold,-0.340275464,-0.285055016,-0.511495202,-0.694747015,1,0.780954381,hold, 0.00184 , $-   ,,,,,,,
243,4/21/2021 16:35,55875.585,55968.35,56035.27,55550.01,0,reg,FALSE,BTCUSD,hold,-1.035320168,-0.40034575,-0.066407463,0.256370538,6,0.587075391,buy, 0.00184 , $-   ,,,,,,,
244,4/21/2021 16:40,55844.245,55881.085,56048.14,55613.07,0,reg,FALSE,BTCUSD,hold,-0.161626681,0.503247448,0.520469681,0.338041235,54,0.231792163,buy, 0.00184 , $-   ,,,,,,,
245,4/21/2021 16:45,55748.26,55845.48,56090.925,55605.555,0,reg,FALSE,BTCUSD,hold,-0.495866239,-0.192521986,-0.400763194,-0.530630137,10,0.105390636,buy, 0.00184 , $-   ,,,,,,,
246,4/21/2021 16:50,55708.02,55692.59,56025.79,55575.87,0,reg,FALSE,BTCUSD,hold,-0.208033242,0.165791806,0.206388744,0.349719516,18,0.037260367,buy, 0.00184 , $-   ,,,,,,,
247,4/21/2021 16:55,55692.59,55812.92,56032.935,55555.23157,0,reg,FALSE,BTCUSD,buy,-0.079792303,0.073866781,-0.052948815,-0.149378434,41,0.325956638,hold, 0.00184 , $-   ,,,,,,,
248,4/21/2021 17:00,55812.92,55784.49,55980.28,55476.65,0,reg,FALSE,BTCUSD,hold,0.620914297,0.403607001,0.189930366,0.139898408,77,0.557458876,sell, -   , $102.77 ,,,,,,,
249,4/21/2021 17:05,55923.675,55658.11,56017.535,55610.305,0,reg,FALSE,BTCUSD,sell,0.570374533,-0.029110904,-0.249245513,-0.252965307,64,0.09367787,hold, -   , $102.77 ,,,,,,,
250,4/21/2021 17:10,55644.7,55729.68,56004.005,55576.08,0,reg,FALSE,BTCUSD,hold,-1.443889533,-1.160216101,-0.651516593,-0.231708142,1,0.195857998,buy, 0.00185 , $-   ,,,,,,,
251,4/21/2021 17:15,55588.29,55782.1,56005.9,55569.18,0,reg,FALSE,BTCUSD,buy,-0.292257236,0.663340204,1.050368432,0.980285775,27,0.75718397,hold, 0.00185 , $-   ,,,,,,,
252,4/21/2021 17:20,55782.1,55719.29,55973.73,55555.00773,0,reg,FALSE,BTCUSD,hold,1.000630669,0.744703434,0.046865221,-0.57801785,76,0.12382008,hold, 0.00185 , $-   ,,,,,,,
253,4/21/2021 17:25,55860.89,55706.97,55926.96,55537.625,0,reg,FALSE,BTCUSD,sell,0.406214795,-0.342383543,-0.626162098,-0.387663735,55,0.357598042,sell, -   , $103.17 ,,,,,,,
254,4/21/2021 17:30,55706.97,55629.165,55936.13,55471.83,0,reg,FALSE,BTCUSD,hold,-0.795752489,-0.692333156,-0.201570977,0.244564486,3,0.552678045,buy, 0.00185 , $-   ,,,,,,,
255,4/21/2021 17:35,55489.83,55501.46,55810.015,55298.63238,0,reg,FALSE,BTCUSD,buy,-1.126987052,-0.190791108,0.288888219,0.282504497,18,0.03787374,buy, 0.00185 , $-   ,,,,,,,
256,4/21/2021 17:40,55506.375,55567.995,55748.685,55282.015,0,reg,FALSE,BTCUSD,hold,0.085845275,0.698591421,0.512284337,0.128676164,53,0.858022382,hold, 0.00185 , $-   ,,,,,,,
257,4/21/2021 17:45,55706.14,55629.555,55849.125,55400.87,0,reg,FALSE,BTCUSD,sell,1.032782381,0.545435773,-0.088217653,-0.345889146,76,0.611869601,sell, -   , $103.16 ,,,,,,,
258,4/21/2021 17:50,55629.555,55658.255,55859.68,55454.07153,0,reg,FALSE,BTCUSD,buy,-0.396488522,-0.823260041,-0.78836879,-0.403287055,1,0.153385157,buy, 0.00185 , $-   ,,,,,,,
259,4/21/2021 17:55,55658.255,55575.165,55835.92,55399.92,0,reg,FALSE,BTCUSD,sell,0.148506273,0.313917001,0.655013975,0.831388472,54,0.635138189,hold, 0.00185 , $-   ,,,,,,,
260,4/21/2021 18:00,55567.37,55574.23,55773.395,55337.53,0,reg,FALSE,BTCUSD,buy,-0.471047667,-0.35686307,-0.386369321,-0.599836779,1,0.396427912,buy, 0.00185 , $-   ,,,,,,,
261,4/21/2021 18:05,55574.23,55502.625,55797.565,55291.305,0,reg,FALSE,BTCUSD,sell,0.03555029,0.291800424,0.373630173,0.437759709,54,0.476146118,hold, 0.00185 , $-   ,,,,,,,
262,4/21/2021 18:10,55502.625,55525.445,55791.27,55288.215,0,reg,FALSE,BTCUSD,buy,-0.371554318,-0.234492254,-0.303144582,-0.389822258,1,0.825859502,hold, 0.00185 , $-   ,,,,,,,
263,4/21/2021 18:15,55662.23,55421.11,55737.02,55245.48,0,reg,FALSE,BTCUSD,sell,0.825806656,0.689679922,0.532323174,0.481229428,81,0.819093704,sell, -   , $103.23 ,,,,,,,
264,4/21/2021 18:20,55407.405,55393.515,55574.375,55146.55232,0,reg,FALSE,BTCUSD,hold,-1.324544976,-1.238602539,-1.110690696,-0.946375988,1,0.063316802,buy, 0.00186 , $-   ,,,,,,,
265,4/21/2021 18:25,55258,55484.315,55635.76526,55215.35,0,reg,FALSE,BTCUSD,buy,-0.778686164,0.314414676,0.894537916,1.155011682,27,0.36873837,buy, 0.00186 , $-   ,,,,,,,
266,4/21/2021 18:30,55484.315,55521.705,55668.85,55209.915,0,reg,FALSE,BTCUSD,hold,1.174723342,1.125163874,0.466991537,-0.246266714,79,0.871704574,sell, -   , $103.37 ,,,,,,,
267,4/21/2021 18:35,55532.9,55412.23,55564.93,55121.95402,0,reg,FALSE,BTCUSD,sell,0.251967393,-0.531507427,-0.95424267,-0.818630904,55,0.285102132,hold, -   , $103.37 ,,,,,,,
268,4/21/2021 18:40,55490.77,55325.69,55540.43,55136.40865,0,reg,FALSE,BTCUSD,hold,-0.218656904,-0.271079595,0.150006431,0.636047482,6,0.147479956,buy, 0.00186 , $-   ,,1,104.5555301,5%,,,
269,4/21/2021 18:45,55189.955,55314.535,55550.64,55055.215,0,reg,FALSE,BTCUSD,buy,-1.569755222,-0.778232632,-0.29212015,-0.254664911,1,0.283553153,buy, 0.00186 , $-   ,,2,103.8197543,4%,,,
270,4/21/2021 18:50,55314.535,55395.525,55589.34,55163.9,0,reg,FALSE,BTCUSD,hold,0.648636747,1.277793775,1.184271212,0.850401425,81,0.516062036,sell, -   , $103.04 ,,3,104.5874179,5%,,,
271,4/21/2021 18:55,55528.235,55311.355,55603.32,55162.885,0,reg,FALSE,BTCUSD,sell,1.10836586,0.264803969,-0.583482128,-1.018225922,73,0.790598713,sell, -   , $103.04 ,,4,103.6764151,4%,,,
272,4/21/2021 19:00,55309.465,55345.575,55566.61,55163.405,0,reg,FALSE,BTCUSD,buy,-1.139149693,-1.294568959,-0.898198807,-0.181276808,2,0.21007934,buy, 0.00186 , $-   ,,5,100.799844,1%,,,
273,4/21/2021 19:05,55345.575,55413.11,55608.385,55178.21992,0,reg,FALSE,BTCUSD,hold,0.187904453,0.764383187,1.185956435,1.200473418,54,0.844400567,sell, -   , $103.11 ,,6,104.4390898,4%,,,
274,4/21/2021 19:10,55413.11,55431.775,55601.875,55151.94824,0,reg,FALSE,BTCUSD,hold,0.351001415,0.09394385,-0.386173058,-0.905546589,64,0.949543168,sell, -   , $103.11 ,,7,103.4929043,3%,,,
275,4/21/2021 19:15,55431.775,55486.595,55634.17,55281.635,0,reg,FALSE,BTCUSD,hold,0.096975426,-0.146318969,-0.138391384,0.142722244,41,0.441705634,hold, -   , $103.11 ,,8,102.0127052,2%,,,
276,4/21/2021 19:20,55496.04,55522.345,55793.605,55376.2,0,reg,FALSE,BTCUSD,sell,0.33350704,0.13624221,0.162755239,0.173460455,68,0.678791464,sell, -   , $103.11 ,,9,103.2244456,3%,,,
277,4/21/2021 19:25,55386.79,55579.88,55727.605,55300.46,0,reg,FALSE,BTCUSD,buy,-0.568077694,-0.519312806,-0.377599689,-0.311244438,1,0.956469458,hold, -   , $103.11 ,,10,104.3285644,4%,,,
278,4/21/2021 19:30,55444.835,55612.68,55808.035,55376.56732,0,reg,FALSE,BTCUSD,hold,0.301506173,0.500880308,0.587631234,0.555973012,81,0.378517465,hold, -   , $103.11 ,,11,100.5878964,1%,,,
279,4/21/2021 19:35,55749.975,55633.51,55818.28,55432.655,0,reg,FALSE,BTCUSD,sell,1.576329318,0.734298132,0.134448667,-0.261033159,76,0.430282135,sell, -   , $103.11 ,,12,103.1215524,3%,,,
280,4/21/2021 19:40,55497.47,55752.595,55886.89,55435.61067,0,reg,FALSE,BTCUSD,buy,-1.310355948,-1.662730711,-1.380688612,-0.872719072,1,0.613479569,hold, -   , $103.11 ,,13,104.1819194,4%,,,
281,4/21/2021 19:45,55752.595,55504.56,55794.095,55345.595,0,reg,FALSE,BTCUSD,sell,1.317893814,1.513871864,1.829723085,1.84919714,81,0.234822834,hold, -   , $103.11 ,,14,100.6921272,1%,,,
282,4/21/2021 19:50,55504.56,55687.19,55744.385,55300.97462,0,reg,FALSE,BTCUSD,buy,-1.286994797,-1.500415838,-1.736229715,-2.05398881,1,0.901107113,hold, -   , $103.11 ,,15,103.9853543,4%,,,
283,4/21/2021 19:55,55693.795,55505.87,55736.96,55335.07,0,reg,FALSE,BTCUSD,sell,0.978559282,1.304959151,1.615895995,1.930824411,81,0.450080964,sell, -   , $103.11 ,,16,103.9747885,4%,,,
284,4/21/2021 20:00,55502.16,55344.92,55638.78,55116.625,0,reg,FALSE,BTCUSD,hold,-0.994391568,-1.136419689,-1.40623421,-1.740746996,1,0.919077525,hold, -   , $103.11 ,,17,103.2195311,3%,,,
285,4/21/2021 20:05,55344.92,55194.345,55527.545,54957.03424,0,reg,FALSE,BTCUSD,hold,-0.818234448,0.101466502,0.713022446,1.220691835,18,0.102172965,buy, 0.00186 , $-   ,,18,102.9006426,3%,,,
286,4/21/2021 20:10,55194.345,54966.775,55359.41,54849.67881,0,reg,FALSE,BTCUSD,hold,-0.785689185,0.018746071,-0.047646968,-0.438145582,13,0.856922432,hold, 0.00186 , $-   ,,19,105.229798,5%,,,
287,4/21/2021 20:15,55103.07,55081.965,55315.405,54935.39,0,reg,FALSE,BTCUSD,buy,-0.47705509,0.177773239,0.091599649,0.080206051,14,0.620680603,sell, -   , $102.66 ,,20,103.2241537,3%,,,
,,,,,,,,,,,,,,,,,,,,,,,3%,17.7157157,,
,,,,,,,,,,,,,,,,,,,,,,,1%,16.19398185,,
,,,,,,,,,,,,,,,,,,,,,,,1%,,,
